sweep_date,package,app_name,developer,genre,max_installs,released,age_days,lifetime_installs_per_day,prev_sweep_date,prev_max_installs,mom_installs_per_day,score,ratings,free,found_via,tracked_daily,on_watchlist,scraped_at,run_id
2026-10-01,com.google.android.apps.healthdata,Health Connect,Google LLC,Health & Fitness,947425130,"Nov 10, 2022",1421,666731,,,,3.8130233,91363,true,chart:HEALTH_AND_FITNESS/TOP_FREE,true,false,2026-10-01T11:10:15.668Z,2026-10-01_1790852962
2026-10-01,bp.bloodapp.surga.bloodtracker.app,Blood Sugar Care: BP Monitor,Q7Go Developer,Health & Fitness,24854411,"Aug 19, 2026",43,578010,,,,4.3960395,640,true,chart:HEALTH_AND_FITNESS/TOP_FREE,true,false,2026-10-01T11:10:46.563Z,2026-10-01_1790852962
2026-10-01,com.sec.android.app.shealth,Samsung Health,"Samsung Electronics Co.,  Ltd.",Health & Fitness,2279817415,"Apr 7, 2015",4195,543461,,,,4.0269346,1580675,true,chart:HEALTH_AND_FITNESS/TOP_FREE,true,false,2026-10-01T11:10:20.639Z,2026-10-01_1790852962
2026-10-01,com.vivo.exhealth,Origin Health,"vivo Mobile Communication Co., Ltd.",Health & Fitness,127036906,"Apr 10, 2025",539,235690,,,,3.5899706,5446,true,search:health coach hindi,false,false,2026-10-01T11:22:01.023Z,2026-10-01_1790852962
2026-10-01,com.transsion.healthlife,My Health,Transsion Holdings,Health & Fitness,394451584,"Nov 17, 2021",1779,221727,,,,3.852013,53588,true,chart:HEALTH_AND_FITNESS/TOP_FREE,false,false,2026-10-01T11:11:55.698Z,2026-10-01_1790852962
2026-10-01,in.sweatco.app,Sweatcoin・Walking Step Counter,Sweatco Ltd,Health & Fitness,161637329,"Feb 22, 2022",1682,96098,,,,4.3887134,3127074,true,chart:HEALTH_AND_FITNESS/TOP_FREE,true,false,2026-10-01T11:09:45.786Z,2026-10-01_1790852962
2026-10-01,homeworkout.homeworkouts.noequipment,Home Workout - No Equipment,Leap Fitness Group,Health & Fitness,301809197,"Nov 8, 2017",3249,92893,,,,4.857541,4030870,true,chart:HEALTH_AND_FITNESS/TOP_FREE,true,false,2026-10-01T11:09:50.722Z,2026-10-01_1790852962
2026-10-01,com.google.android.apps.fitness,Google Fit: Activity Tracking,Google LLC,Health & Fitness,368166595,"Oct 28, 2014",4356,84519,,,,4.0620317,685842,true,chart:HEALTH_AND_FITNESS/TOP_FREE,true,false,2026-10-01T11:09:51.687Z,2026-10-01_1790852962
2026-10-01,nic.goi.aarogyasetu,AarogyaSetu 2.0,National Health Authority,Health & Fitness,189884369,"Apr 1, 2020",2374,79985,,,,3.9658492,1657778,true,chart:HEALTH_AND_FITNESS/TOP_FREE,true,false,2026-10-01T11:09:46.795Z,2026-10-01_1790852962
2026-10-01,sixpack.sixpackabs.absworkout,Six Pack in 30 Days,Leap Fitness Group,Health & Fitness,212074193,"Jan 9, 2018",3187,66544,,,,4.855887,2851499,true,chart:HEALTH_AND_FITNESS/TOP_FREE,true,false,2026-10-01T11:10:30.633Z,2026-10-01_1790852962
2026-10-01,com.fitbit.FitbitMobile,Google Health (Fitbit),Google LLC,Health & Fitness,298336518,"Mar 16, 2012",5312,56163,,,,4.160009,1315155,true,chart:HEALTH_AND_FITNESS/TOP_FREE,true,false,2026-10-01T11:10:47.708Z,2026-10-01_1790852962
2026-10-01,bloodpressure.bloodpressureapp.bloodpressuretracker,Blood Pressure Tracker,QR Code Scanner.,Health & Fitness,96806492,"Nov 17, 2021",1779,54416,,,,4.6691203,399258,true,chart:HEALTH_AND_FITNESS/TOP_FREE,false,false,2026-10-01T11:11:42.802Z,2026-10-01_1790852962
2026-10-01,org.iggymedia.periodtracker,Flo Period & Pregnancy Tracker,Flo Health Inc.,Health & Fitness,206010830,"Apr 12, 2016",3824,53873,,,,4.74875,5118647,true,chart:HEALTH_AND_FITNESS/TOP_FREE,true,false,2026-10-01T11:10:16.630Z,2026-10-01_1790852962
2026-10-01,loseweightapp.loseweightappforwomen.womenworkoutathome,Lose Weight App for Women,Leap Fitness Group,Health & Fitness,133308193,"Oct 31, 2019",2527,52754,,,,4.8236337,1228330,true,chart:HEALTH_AND_FITNESS/TOP_FREE,true,true,2026-10-01T11:11:15.621Z,2026-10-01_1790852962
2026-10-01,stepcounter.pedometer.stepstracker,Step Counter - Pedometer,Hitchhike Tech,Health & Fitness,72845875,"Aug 12, 2022",1511,48210,,,,4.8232403,816964,true,chart:HEALTH_AND_FITNESS/TOP_FREE,true,false,2026-10-01T11:09:53.757Z,2026-10-01_1790852962
2026-10-01,menloseweight.loseweightappformen.weightlossformen,Lose Weight App for Men,Leap Fitness Group,Health & Fitness,131963161,"Mar 7, 2019",2765,47726,,,,4.8874297,2756368,true,chart:HEALTH_AND_FITNESS/TOP_FREE,true,false,2026-10-01T11:10:07.764Z,2026-10-01_1790852962
2026-10-01,com.popularapp.periodcalendar,Period Calendar Period Tracker,Simple Design Ltd.,Health & Fitness,225231680,"Mar 16, 2012",5312,42401,,,,4.8577986,4892275,true,chart:HEALTH_AND_FITNESS/TOP_FREE,true,false,2026-10-01T11:11:00.973Z,2026-10-01_1790852962
2026-10-01,loseweight.weightloss.workout.fitness,Lose Weight - Weight Loss App,Simple Design Ltd.,Health & Fitness,136038011,"Jul 31, 2017",3349,40620,,,,4.8135962,1247752,true,chart:HEALTH_AND_FITNESS/TOP_FREE,false,false,2026-10-01T11:11:58.674Z,2026-10-01_1790852962
2026-10-01,weightloss.weightlossforwomen.workoutforwomen.womenworkout,Weight Loss for Women: Workout,EZ Health,Health & Fitness,49536434,"Mar 6, 2023",1305,37959,,,,4.74842,468530,true,chart:HEALTH_AND_FITNESS/TOP_FREE,true,false,2026-10-01T11:10:13.690Z,2026-10-01_1790852962
2026-10-01,increaseheightworkout.heightincreaseexercise.tallerexercise,Height Increase Workout,Leap Fitness Group,Health & Fitness,99820550,"Jun 6, 2019",2674,37330,,,,4.8340697,777368,true,chart:HEALTH_AND_FITNESS/TOP_FREE,true,false,2026-10-01T11:10:44.633Z,2026-10-01_1790852962
2026-10-01,pedometer.steptracker.calorieburner.stepcounter,Step Counter - Pedometer,Leap Fitness Group,Health & Fitness,118283776,"Jul 28, 2017",3352,35288,,,,4.84595,1714018,true,chart:HEALTH_AND_FITNESS/TOP_FREE,true,false,2026-10-01T11:11:11.403Z,2026-10-01_1790852962
2026-10-01,com.xiaomi.wearable,Mi Fitness (Xiaomi Wear),"Beijing Xiaomi Mobile Software Co.,Ltd",Health & Fitness,81833420,"May 20, 2020",2325,35197,,,,4.450898,1632546,true,chart:HEALTH_AND_FITNESS/TOP_FREE,true,false,2026-10-01T11:10:57.936Z,2026-10-01_1790852962
2026-10-01,losebellyfat.flatstomach.absworkout.fatburning,Lose Belly Fat  - Abs Workout,Leap Fitness Group,Health & Fitness,107993709,"Apr 12, 2018",3094,34904,,,,4.76204,517982,true,chart:HEALTH_AND_FITNESS/TOP_FREE,false,false,2026-10-01T11:11:54.730Z,2026-10-01_1790852962
2026-10-01,com.an.heart.rate.monitor.blood.pressure.sugar.tracker,Health App: Heart Rate Monitor,BearKUN Dev,Health & Fitness,2891849,"Jul 8, 2026",85,34022,,,,4.470588,458,true,chart:HEALTH_AND_FITNESS/TOP_FREE,true,false,2026-10-01T11:10:41.531Z,2026-10-01_1790852962
2026-10-01,com.beneficiaryapp,Ayushman App,National Health Authority,Medical,34559936,"Aug 13, 2023",1145,30183,,,,3.6865144,62254,true,chart:MEDICAL/TOP_FREE,false,false,2026-10-01T11:13:45.199Z,2026-10-01_1790852962
2026-10-01,gen.tech.impulse.android,Impulse - Brain Training Games,GMRD Apps Limited,Health & Fitness,25406831,"Mar 20, 2024",925,27467,,,,4.3818135,649194,true,chart:HEALTH_AND_FITNESS/GROSSING,false,false,2026-10-01T11:13:19.223Z,2026-10-01_1790852962
2026-10-01,splits.splitstraining.dothesplits.splitsin30days,Splits Training in 30 Days,Leap Fitness Group,Health & Fitness,66710774,"Jul 12, 2019",2638,25288,,,,4.844086,404587,true,chart:HEALTH_AND_FITNESS/TOP_FREE,false,false,2026-10-01T11:12:40.875Z,2026-10-01_1790852962
2026-10-01,com.strava,"Strava: Run, Bike, Walk",Strava Inc.,Health & Fitness,134472529,"Jun 9, 2011",5593,24043,,,,4.645626,1191953,true,chart:HEALTH_AND_FITNESS/TOP_FREE,true,false,2026-10-01T11:09:52.721Z,2026-10-01_1790852962
2026-10-01,com.noisefit,NoiseFit: Health & Fitness,Noise,Health & Fitness,56738953,"Mar 2, 2020",2404,23602,,,,4.4018703,2522107,true,chart:HEALTH_AND_FITNESS/TOP_FREE,true,false,2026-10-01T11:09:48.759Z,2026-10-01_1790852962
2026-10-01,armworkout.armworkoutformen.armexercises,Arm Workout - Biceps Exercise,Leap Fitness Group,Health & Fitness,73129722,"Mar 27, 2018",3110,23514,,,,4.844573,509855,true,chart:HEALTH_AND_FITNESS/TOP_FREE,false,false,2026-10-01T11:11:57.684Z,2026-10-01_1790852962
2026-10-01,jawline.exercises.slim.face.yoga,Jawline Exercises - Face Yoga,Simple Design Ltd.,Health & Fitness,27820372,"Jun 30, 2023",1189,23398,,,,4.811337,316055,true,chart:HEALTH_AND_FITNESS/TOP_FREE,false,false,2026-10-01T11:12:05.780Z,2026-10-01_1790852962
2026-10-01,com.myfitnesspal.android,MyFitnessPal: Calorie Counter,"MyFitnessPal, Inc.",Health & Fitness,136595232,"Apr 26, 2010",6002,22758,,,,4.5354996,2917019,true,chart:HEALTH_AND_FITNESS/TOP_FREE,false,false,2026-10-01T11:11:29.556Z,2026-10-01_1790852962
2026-10-01,pilatesworkout.yogaworkout.loseweight.workoutapps,Pilates Workout at Home,EZ Health,Health & Fitness,24208384,"Oct 23, 2023",1074,22540,,,,4.817231,302620,true,chart:HEALTH_AND_FITNESS/TOP_FREE,false,false,2026-10-01T11:11:27.572Z,2026-10-01_1790852962
2026-10-01,bodyfast.zero.fastingtracker.weightloss,Fasting - Intermittent Fasting,Leap Fitness Group,Health & Fitness,56869003,"Oct 25, 2019",2533,22451,,,,4.8319793,978496,true,search:weight loss,true,true,2026-10-01T11:18:18.344Z,2026-10-01_1790852962
2026-10-01,steptracker.healthandfitness.walkingtracker.pedometer,Step Tracker - Pedometer,Leap Fitness Group,Health & Fitness,57631625,"Aug 15, 2019",2604,22132,,,,4.840797,814559,true,chart:HEALTH_AND_FITNESS/TOP_FREE,false,false,2026-10-01T11:11:34.565Z,2026-10-01_1790852962
2026-10-01,pedometer.stepcounter.calorieburner.pedometerforwalking,Pedometer - Step Counter,Simple Design Ltd.,Health & Fitness,64711899,"Jan 26, 2018",3170,20414,,,,4.8202863,953743,true,chart:HEALTH_AND_FITNESS/TOP_FREE,true,false,2026-10-01T11:10:27.649Z,2026-10-01_1790852962
2026-10-01,com.tayu.tau.pedometer,Pedometer - Step Counter,"ITO Technologies, Inc.",Health & Fitness,89207918,"Jun 4, 2013",4867,18329,,,,4.798418,1046061,true,chart:HEALTH_AND_FITNESS/TOP_FREE,true,false,2026-10-01T11:10:25.627Z,2026-10-01_1790852962
2026-10-01,com.meetyou.intl,MeetYou - Period Tracker,MEETYOU PTE.LTD.,Health & Fitness,30596732,"Feb 21, 2022",1683,18180,,,,4.8,199839,true,search:period tracker,false,false,2026-10-01T11:21:18.242Z,2026-10-01_1790852962
2026-10-01,com.wakeup.howear,Wearfit Pro,Wakeup,Health & Fitness,39832155,"May 10, 2020",2335,17059,,,,4.0088496,128360,true,chart:HEALTH_AND_FITNESS/TOP_FREE,false,false,2026-10-01T11:13:02.927Z,2026-10-01_1790852962
2026-10-01,heartratemonitor.heartrate.pulse.pulseapp,Heart Rate Monitor - Pulse App,QR Code Scanner.,Health & Fitness,29345916,"Jan 14, 2022",1721,17052,,,,4.71286,378675,true,chart:HEALTH_AND_FITNESS/TOP_FREE,false,false,2026-10-01T11:11:37.599Z,2026-10-01_1790852962
2026-10-01,com.blood.pressure.bptracker,Blood Pressure App: BP Monitor,HealthTracker Apps,Health & Fitness,20151049,"Jun 26, 2023",1193,16891,,,,3.9037433,29923,true,chart:HEALTH_AND_FITNESS/TOP_FREE,false,false,2026-10-01T11:12:42.817Z,2026-10-01_1790852962
2026-10-01,com.runtastic.android,adidas Running: Run tracker,adidas,Health & Fitness,97420148,"May 12, 2010",5986,16275,,,,4.5646787,1737071,true,chart:HEALTH_AND_FITNESS/TOP_FREE,true,false,2026-10-01T11:11:22.569Z,2026-10-01_1790852962
2026-10-01,com.blood.sugar.pressure.monitor.tracker.care,Blood Sugar & Pressure Monitor,Centurion Studio,Health & Fitness,1470970,"Jul 2, 2026",91,16165,,,,3.2772276,151,true,chart:HEALTH_AND_FITNESS/GROSSING,false,false,2026-10-01T11:13:35.135Z,2026-10-01_1790852962
2026-10-01,com.clue.android,Clue: Period & Cycle Tracker,Clue Period Tracker by BioWink,Health & Fitness,70240743,"Oct 9, 2014",4375,16055,,,,4.4346576,1498909,true,chart:HEALTH_AND_FITNESS/TOP_FREE,true,false,2026-10-01T11:10:10.732Z,2026-10-01_1790852962
2026-10-01,com.apollo.patientapp,Apollo 247 - Health & Medicine,Apollo Healthco Ltd,Medical,38750635,"Jan 30, 2020",2436,15907,,,,4.639495,699143,true,chart:MEDICAL/TOP_FREE,false,false,2026-10-01T11:13:48.177Z,2026-10-01_1790852962
2026-10-01,bloodsugar.bloodsugarapp.diabetes.diabetesapp,Blood Sugar - Diabetes App,QR Code Scanner.,Health & Fitness,24756290,"Jun 20, 2022",1564,15829,,,,4.404711,64146,true,chart:HEALTH_AND_FITNESS/TOP_FREE,true,false,2026-10-01T11:10:43.576Z,2026-10-01_1790852962
2026-10-01,in.ndhm.phr,ABHA,National Health Authority,Medical,33183032,"Dec 22, 2020",2109,15734,,,,4.5070167,463511,true,chart:MEDICAL/TOP_FREE,false,false,2026-10-01T11:13:43.180Z,2026-10-01_1790852962
2026-10-01,net.workout.lose.weight.fitness.fit.coach,Home Fitness Coach: FitCoach,WELLTECH APPS LIMITED,Health & Fitness,36899903,"Oct 18, 2019",2540,14528,,,,4.2184873,151374,true,search:health coach hindi,false,false,2026-10-01T11:21:51.082Z,2026-10-01_1790852962
2026-10-01,care.disha,Disha: AI Health Coach,Curelink Pvt. Ltd.,Health & Fitness,6235859,"Jul 1, 2025",457,13645,,,,4.5237703,23880,true,chart:HEALTH_AND_FITNESS/TOP_FREE,true,true,2026-10-01T11:10:03.788Z,2026-10-01_1790852962
2026-10-01,com.gen.workoutme,BetterMe Well-Being Coach,BetterMe Limited,Health & Fitness,45711338,"Jul 27, 2017",3353,13633,,,,4.470918,659897,true,chart:HEALTH_AND_FITNESS/GROSSING,true,true,2026-10-01T11:13:21.235Z,2026-10-01_1790852962
2026-10-01,in.platinumrx,PlatinumRx: Medicine Delivery,PlatinumRx - Online Medicine Delivery,Medical,12944697,"Feb 7, 2024",967,13386,,,,4.483252,122471,true,chart:MEDICAL/TOP_FREE,false,false,2026-10-01T11:13:44.147Z,2026-10-01_1790852962
2026-10-01,com.visionwizard.pulse,Heart Rate Monitor - HeartIn,Vision Wizard,Health & Fitness,8989601,"Nov 19, 2024",681,13201,,,,4.228246,117542,true,chart:HEALTH_AND_FITNESS/TOP_FREE,false,false,2026-10-01T11:12:33.932Z,2026-10-01_1790852962
2026-10-01,com.popularapp.thirtydayfitnesschallenge,30 Day Fitness Challenge,Leap Fitness Group,Health & Fitness,49153897,"May 19, 2016",3787,12980,,,,4.8334684,550186,true,search:weight loss,false,false,2026-10-01T11:18:17.364Z,2026-10-01_1790852962
2026-10-01,com.yazio.android,Yazio: AI Calorie Tracker,Yazio,Health & Fitness,58203995,"Apr 23, 2014",4544,12809,,,,4.397936,866443,true,search:diet plan,true,true,2026-10-01T11:18:34.266Z,2026-10-01_1790852962
2026-10-01,com.asianmobile.gymworkout,Gym Workout Tracker & Fitness,BG.Studio,Health & Fitness,9524923,"Sep 16, 2024",745,12785,,,,4.1218786,31591,true,chart:HEALTH_AND_FITNESS/TOP_FREE,true,false,2026-10-01T11:09:58.691Z,2026-10-01_1790852962
2026-10-01,health.app.blood.sugar.app,Blood Sugar Care App,Nova Xponential Power,Health & Fitness,2440757,"Mar 23, 2026",192,12712,,,,2.96,996,true,chart:HEALTH_AND_FITNESS/TOP_FREE,true,false,2026-10-01T11:09:55.763Z,2026-10-01_1790852962
2026-10-01,com.traya.prod,Traya: Hair Loss Solutions,Tatvartha Health,Health & Fitness,16342424,"Feb 24, 2023",1315,12428,,,,4.3614902,186293,true,chart:HEALTH_AND_FITNESS/TOP_FREE,true,true,2026-10-01T11:09:47.775Z,2026-10-01_1790852962
2026-10-01,com.remind.drink.water.hourly,Water Reminder - Remind Drink ,recorder & smart apps,Health & Fitness,30551251,"Oct 10, 2019",2548,11990,,,,4.7924333,409267,true,chart:HEALTH_AND_FITNESS/TOP_FREE,false,false,2026-10-01T11:11:40.842Z,2026-10-01_1790852962
2026-10-01,running.tracker.gps.map,Running App - GPS Run Tracker,Leap Fitness Group,Health & Fitness,31614546,"Jun 20, 2019",2660,11885,,,,4.784426,437790,true,chart:HEALTH_AND_FITNESS/TOP_FREE,true,false,2026-10-01T11:11:04.076Z,2026-10-01_1790852962
2026-10-01,com.bp.blood.sugar.pressure.tracker.app,Blood Sugar & Pressure Tracker,ModSik,Health & Fitness,536926,"Aug 15, 2026",47,11424,,,,4.6831684,2084,true,chart:HEALTH_AND_FITNESS/TOP_FREE,true,false,2026-10-01T11:10:11.679Z,2026-10-01_1790852962
2026-10-01,com.nike.plusgps,Nike Run Club - Running Coach,"Nike, Inc.",Health & Fitness,57418823,"Jun 21, 2012",5215,11010,,,,4.565628,1113028,true,chart:HEALTH_AND_FITNESS/TOP_FREE,false,false,2026-10-01T11:11:47.777Z,2026-10-01_1790852962
2026-10-01,periodtracker.pregnancy.ovulationtracker,Ovulation & Period Tracker,Leap Fitness Group,Health & Fitness,36147294,"Sep 29, 2017",3289,10990,,,,4.838058,455073,true,search:period tracker,false,false,2026-10-01T11:21:15.309Z,2026-10-01_1790852962
2026-10-01,stepcounter.steptracker.pedometer.calorie,Pedometer App - Step Counter,AceTools Team,Health & Fitness,9851009,"Apr 12, 2024",902,10921,,,,4.863042,116961,true,chart:HEALTH_AND_FITNESS/TOP_FREE,true,false,2026-10-01T11:10:17.619Z,2026-10-01_1790852962
2026-10-01,net.beginners.weight.loss.workout.women.yoga.go,Yoga Go Fitness & Yoga Workout,WELLTECH APPS LIMITED,Health & Fitness,28670333,"Jun 6, 2019",2674,10722,,,,3.9945946,147501,true,chart:HEALTH_AND_FITNESS/TOP_FREE,false,false,2026-10-01T11:12:09.776Z,2026-10-01_1790852962
2026-10-01,com.fitifyworkouts.bodyweight.workoutapp,"Fitify: Fitness, Home Workout",Fitify Workouts s.r.o.,Health & Fitness,32058185,"May 31, 2018",3045,10528,,,,4.778573,562323,true,chart:HEALTH_AND_FITNESS/TOP_FREE,true,false,2026-10-01T11:10:55.933Z,2026-10-01_1790852962
2026-10-01,com.phonegap.rxpal,PharmEasy - Healthcare App,Online Medicines and Healthcare App,Medical,44225216,"Mar 6, 2015",4227,10463,,,,4.4746833,841347,true,chart:MEDICAL/TOP_FREE,false,false,2026-10-01T11:13:50.163Z,2026-10-01_1790852962
2026-10-01,com.coveiot.android.boat,boAt Crest,COVE,Health & Fitness,18977816,"Sep 8, 2021",1849,10264,,,,4.4896526,176203,true,chart:HEALTH_AND_FITNESS/TOP_FREE,true,false,2026-10-01T11:09:54.759Z,2026-10-01_1790852962
2026-10-01,homeworkoutapp.homeworkout.fitness.workout.loseweight,Home Workout App: Fitness,EZ Health,Health & Fitness,9908963,"Jan 24, 2024",981,10101,,,,4.787983,142503,true,chart:HEALTH_AND_FITNESS/TOP_FREE,true,false,2026-10-01T11:10:23.609Z,2026-10-01_1790852962
2026-10-01,com.bytejourney.walk.master.step,Walk Master - Step Counter,Byte Journey,Health & Fitness,3202139,"Nov 18, 2025",317,10101,,,,4.4973116,41615,true,chart:HEALTH_AND_FITNESS/TOP_FREE,true,false,2026-10-01T11:10:35.605Z,2026-10-01_1790852962
2026-10-01,com.finch.finch,Finch: Self-Care Pet,Finch Care Public Benefit Corporation,Health & Fitness,16196428,"May 6, 2022",1609,10066,,,,4.873869,626616,true,chart:HEALTH_AND_FITNESS/TOP_FREE,false,false,2026-10-01T11:12:49.783Z,2026-10-01_1790852962
2026-10-01,dance.fit.zumba.weightloss.danceburn,Dancefitme - Fun Weight Loss,TechPionners Team,Health & Fitness,16030107,"Apr 13, 2022",1632,9822,,,,4.644863,176334,true,chart:HEALTH_AND_FITNESS/TOP_FREE,false,false,2026-10-01T11:12:24.912Z,2026-10-01_1790852962
2026-10-01,de.komoot.android,"komoot - hike, bike & run",komoot GmbH,Health & Fitness,43683369,"Jun 26, 2014",4480,9751,,,,4.712871,433445,true,chart:HEALTH_AND_FITNESS/TOP_FREE,false,false,2026-10-01T11:12:46.784Z,2026-10-01_1790852962
2026-10-01,com.tjd.tjdmainS2,Lefun Health,TENG JINDA,Health & Fitness,29026756,"Jun 20, 2018",3025,9596,,,,4.2124863,191219,true,chart:HEALTH_AND_FITNESS/TOP_FREE,false,false,2026-10-01T11:12:41.833Z,2026-10-01_1790852962
2026-10-01,com.heallo.skinexpert,Cure: Skin & Hair Experts,CureSkin (Dermatologist Solutions & Products),Shopping,33985448,"Jan 2, 2017",3559,9549,,,,4.563939,105005,true,search:skin doctor,true,true,2026-10-01T11:19:25.013Z,2026-10-01_1790852962
2026-10-01,fitness.home.workout.weight.loss,JustFit - Lazy Workout,ENERJOY PTE. LTD.,Health & Fitness,12406943,"Mar 2, 2023",1309,9478,,,,4.656315,131689,true,chart:HEALTH_AND_FITNESS/GROSSING,false,false,2026-10-01T11:13:14.302Z,2026-10-01_1790852962
2026-10-01,fitnesscoach.workoutplanner.weightloss,Fitness Coach: Weight Loss,Leap Fitness Group,Health & Fitness,16217720,"Sep 5, 2021",1852,8757,,,,4.85178,308427,true,search:weight loss,false,false,2026-10-01T11:18:12.373Z,2026-10-01_1790852962
2026-10-01,com.topstep.fitcloudpro,FitCloudPro,topstep,Health & Fitness,24542882,"Jan 23, 2019",2808,8740,,,,4.192926,85254,true,chart:HEALTH_AND_FITNESS/TOP_FREE,false,false,2026-10-01T11:12:06.767Z,2026-10-01_1790852962
2026-10-01,com.healthifyme.basic,Healthify: AI Diet & Fitness,"HealthifyMe: Health, Nutrition & Weight Loss",Health & Fitness,42697919,"May 11, 2013",4891,8730,,,,4.431398,568530,true,chart:HEALTH_AND_FITNESS/TOP_FREE,true,true,2026-10-01T11:11:12.468Z,2026-10-01_1790852962
2026-10-01,com.blood.sugar.pressure.monitor.app,Blood Sugar & BP Tracker,Oxylab Studio,Health & Fitness,1484992,"Apr 13, 2026",171,8684,,,,4.4282117,9583,true,chart:HEALTH_AND_FITNESS/TOP_FREE,true,false,2026-10-01T11:10:59.972Z,2026-10-01_1790852962
2026-10-01,com.aranoah.healthkart.plus,TATA 1mg Online Healthcare App,Tata 1MG Healthcare Solutions Private Limited,Medical,43355652,"Aug 24, 2012",5151,8417,,,,4.5858397,878371,true,chart:MEDICAL/TOP_FREE,false,false,2026-10-01T11:13:49.189Z,2026-10-01_1790852962
2026-10-01,com.lbrc.PeriodCalendar,Period Tracker and Calendar,SimpleInnovation,Medical,33052996,"Aug 16, 2015",4064,8133,,,,4.848031,558328,true,chart:MEDICAL/TOP_FREE,false,false,2026-10-01T11:14:31.143Z,2026-10-01_1790852962
2026-10-01,com.health.care.sleep.sound.pulse.heartbeat,Health Care - Heart & Sleep,HealthCare Fitness calorie mental for Android App,Health & Fitness,2480121,"Nov 28, 2025",307,8079,,,,4.360927,7329,true,chart:HEALTH_AND_FITNESS/TOP_FREE,true,false,2026-10-01T11:10:00.693Z,2026-10-01_1790852962
2026-10-01,com.intellihealth.truemeds,Truemeds-Medicine Delivery App,Truemeds - Healthcare & Medicine Delivery App,Medical,21436799,"Jun 3, 2019",2677,8008,,,,4.5109344,615827,true,chart:MEDICAL/TOP_FREE,false,false,2026-10-01T11:13:47.176Z,2026-10-01_1790852962
2026-10-01,com.getsomeheadspace.android,Headspace: Sleep & Meditation,"Headspace for Meditation, Mindfulness and Sleep",Health & Fitness,42467458,"Jan 6, 2012",5382,7891,,,,4.2251654,339985,true,chart:HEALTH_AND_FITNESS/GROSSING,false,false,2026-10-01T11:13:11.220Z,2026-10-01_1790852962
2026-10-01,com.icardiac.heartratemonitor.healthapp,Heart Rate Monitor - iCardiac,iKame Applications - Begamob Global,Health & Fitness,1494422,"Mar 25, 2026",190,7865,,,,4.6722407,17107,true,chart:HEALTH_AND_FITNESS/GROSSING,false,false,2026-10-01T11:13:09.092Z,2026-10-01_1790852962
2026-10-01,gymworkout.gym.gymlog.gymtrainer,Gym Workout Tracker: Gym Log,Leap Fitness Group,Health & Fitness,13683911,"Dec 8, 2021",1758,7784,,,,4.8592925,232145,true,chart:HEALTH_AND_FITNESS/TOP_FREE,true,false,2026-10-01T11:10:58.975Z,2026-10-01_1790852962
2026-10-01,com.boAt.wristgear,boAt Wearables,Imagine Marketing Limited,Health & Fitness,16167518,"Jan 18, 2021",2082,7765,,,,3.9884732,53734,true,chart:HEALTH_AND_FITNESS/TOP_FREE,true,false,2026-10-01T11:10:12.690Z,2026-10-01_1790852962
2026-10-01,com.iw.walk.step.aos,WalkStep:Tracker & Reward,ideas wonderful,Health & Fitness,2711111,"Oct 16, 2025",350,7746,,,,4.398907,28101,true,chart:HEALTH_AND_FITNESS/TOP_FREE,true,false,2026-10-01T11:10:33.577Z,2026-10-01_1790852962
2026-10-01,com.zip.blood.pressure,Blood Pressure Tracker,Cards,Health & Fitness,9059766,"Jun 12, 2023",1207,7506,,,,4.308889,36653,true,chart:HEALTH_AND_FITNESS/TOP_FREE,false,false,2026-10-01T11:11:26.553Z,2026-10-01_1790852962
2026-10-01,com.blood.sugar.diary.monitor,Blood Sugar & Diabetes Tracker,Agratas,Health & Fitness,1174836,"Apr 27, 2026",157,7483,,,,3.4215686,370,true,chart:HEALTH_AND_FITNESS/TOP_FREE,true,false,2026-10-01T11:10:05.772Z,2026-10-01_1790852962
2026-10-01,com.legend.simsonlab.app.android,ZTFit,smart wear,Health & Fitness,6045559,"Jul 15, 2024",808,7482,,,,4.0688624,16050,true,chart:HEALTH_AND_FITNESS/TOP_FREE,false,false,2026-10-01T11:11:46.761Z,2026-10-01_1790852962
2026-10-01,musclemonster.fitness.workout.home.gym.planner,Muscle Monster Workout Planner,TechPionners Team,Health & Fitness,7700783,"Nov 26, 2023",1040,7405,,,,4.712256,93855,true,chart:HEALTH_AND_FITNESS/TOP_FREE,true,false,2026-10-01T11:10:56.937Z,2026-10-01_1790852962
2026-10-01,com.titan.fastrack.reflex,Fastrack Smart World,Titan Company Limited,Health & Fitness,15215218,"Jan 29, 2021",2071,7347,,,,4.2236137,248808,true,chart:HEALTH_AND_FITNESS/TOP_FREE,true,false,2026-10-01T11:09:56.757Z,2026-10-01_1790852962
2026-10-01,com.ronasoftstudios.earmaxfxpro,Microphone Amplifier,DOSA Apps,Medical,18646437,"Aug 16, 2019",2603,7163,,,,4.2862597,70411,true,chart:MEDICAL/TOP_FREE,false,false,2026-10-01T11:13:51.165Z,2026-10-01_1790852962
2026-10-01,icici.lombard.ghi,IL TakeCare Insurance App,ICICI Lombard GIC Ltd.,Health & Fitness,19176203,"May 29, 2019",2682,7150,,,,4.5121794,77343,true,chart:HEALTH_AND_FITNESS/TOP_FREE,true,false,2026-10-01T11:09:59.661Z,2026-10-01_1790852962
2026-10-01,com.appovo.bmicalculator,BMI Calculator,Appovo,Health & Fitness,24658985,"Apr 21, 2017",3450,7148,,,,4.5423727,137895,true,chart:HEALTH_AND_FITNESS/TOP_FREE,false,false,2026-10-01T11:12:39.888Z,2026-10-01_1790852962
2026-10-01,com.bodyfast,BodyFast: Intermittent Fasting,BodyFast GmbH,Health & Fitness,22423661,"Jan 19, 2018",3177,7058,,,,4.594385,370152,true,chart:HEALTH_AND_FITNESS/GROSSING,false,false,2026-10-01T11:13:34.139Z,2026-10-01_1790852962
2026-10-01,com.sleep.tracker.health.monitor.cycle,Sleep Tracker - Gentle Alarm,Style Of Me,Health & Fitness,1096715,"Apr 28, 2026",156,7030,,,,4.08871,3374,true,chart:HEALTH_AND_FITNESS/TOP_FREE,true,false,2026-10-01T11:10:36.585Z,2026-10-01_1790852962
2026-10-01,com.visionwizard.workout,Home Workout for Women: SheFit,Deep Flow Apps,Health & Fitness,5080721,"Oct 7, 2024",724,7018,,,,3.206823,27334,true,chart:HEALTH_AND_FITNESS/TOP_FREE,true,false,2026-10-01T11:11:21.568Z,2026-10-01_1790852962
2026-10-01,com.kompanion.fasting.android,Kompanion: Weight Loss Plan,Ornitorenk Dijital Hizmetler Anonim Sirketi,Health & Fitness,11235633,"Apr 12, 2022",1633,6880,,,,3.8695014,64847,true,chart:HEALTH_AND_FITNESS/GROSSING,true,true,2026-10-01T11:13:17.227Z,2026-10-01_1790852962
2026-10-01,eka.care,"Eka: Health AI, ABHA, Records","Eka Care: Health AI, Scribe, ABHA, Medical Records",Medical,13592826,"Apr 24, 2021",1986,6844,,,,4.383959,91177,true,chart:MEDICAL/TOP_FREE,false,false,2026-10-01T11:14:34.164Z,2026-10-01_1790852962
2026-10-01,com.periodtracker.ovulation.periodcycle,Period Tracker & Ovulation,Byte Bloom,Health & Fitness,2604368,"Sep 12, 2025",384,6782,,,,4.4059405,7835,true,chart:HEALTH_AND_FITNESS/TOP_FREE,false,false,2026-10-01T11:12:58.860Z,2026-10-01_1790852962
2026-10-01,apps.driefcase.com,"Driefcase ABHA, Health Records","Driefcase : PHR, NHA approved, ABDM integrated",Medical,24362929,"Oct 15, 2016",3638,6697,,,,4.4526477,597198,true,chart:MEDICAL/TOP_FREE,false,false,2026-10-01T11:13:46.201Z,2026-10-01_1790852962
2026-10-01,de.fastic.app,Fastic Weight Loss & Fasting,Fastic GmbH,Health & Fitness,18005802,"Apr 23, 2019",2718,6625,,,,4.348921,421057,true,search:weight gain,true,true,2026-10-01T11:22:47.686Z,2026-10-01_1790852962
2026-10-01,com.gcl.mictospeaker.bluetoothspeaker.volumebooster,Mic to Speaker Bluetooth Mic,GameChief FZ-LLC,Medical,3216473,"May 15, 2025",504,6382,,,,4.0881357,14430,true,chart:MEDICAL/TOP_FREE,false,false,2026-10-01T11:13:55.054Z,2026-10-01_1790852962
2026-10-01,com.NetmedsMarketplace.Netmeds,Netmeds - India Ki Pharmacy,Netmeds Marketplace Limited,Medical,25759388,"Jul 8, 2015",4103,6278,,,,4.388555,814377,true,chart:MEDICAL/TOP_FREE,false,false,2026-10-01T11:13:53.104Z,2026-10-01_1790852962
2026-10-01,dumbbellworkout.dumbbellapp.homeworkout,Dumbbell Workout at Home,Leap Fitness Group,Health & Fitness,14448427,"Jun 2, 2020",2312,6249,,,,4.8774157,189470,true,chart:HEALTH_AND_FITNESS/TOP_FREE,false,false,2026-10-01T11:13:03.957Z,2026-10-01_1790852962
2026-10-01,ai.starvia.lazyworkout,Yolo Fitness: Lazy Workout,STARVIA COMPANY LIMITED,Health & Fitness,214153,"Aug 27, 2026",35,6119,,,,4.330275,2103,true,chart:HEALTH_AND_FITNESS/TOP_FREE,false,false,2026-10-01T11:11:49.728Z,2026-10-01_1790852962
2026-10-01,ai.replika.app,Replika: My AI Friend,"Luka, Inc",Health & Fitness,20171168,"Sep 8, 2017",3310,6094,,,,4.541954,525045,true,chart:HEALTH_AND_FITNESS/GROSSING,false,false,2026-10-01T11:13:22.206Z,2026-10-01_1790852962
2026-10-01,fr.cnamts.it.activity,Compte ameli,l'Assurance Maladie,Health & Fitness,29797910,"Apr 2, 2013",4930,6044,,,,3.8181818,506038,true,chart:HEALTH_AND_FITNESS/TOP_FREE,true,false,2026-10-01T11:10:02.758Z,2026-10-01_1790852962
2026-10-01,homeworkout.fitness.app,Workout Planner Gym Log・Fit AI,Social Tech.,Health & Fitness,8050747,"Jan 13, 2023",1357,5933,,,,4.3305645,415752,true,chart:HEALTH_AND_FITNESS/TOP_FREE,true,false,2026-10-01T11:10:18.603Z,2026-10-01_1790852962
2026-10-01,gofasting.fastingtracker.fasting.intermittentfasting,Intermittent Fasting GoFasting,"Gulooloo Tech Co., Ltd.",Health & Fitness,10171883,"Jan 18, 2022",1717,5924,,,,4.7812934,239955,true,chart:HEALTH_AND_FITNESS/TOP_FREE,false,false,2026-10-01T11:12:02.736Z,2026-10-01_1790852962
2026-10-01,dietaiplan.calorietracker.app,Calorie Counter・Planner・DietAI,Social Tech.,Health & Fitness,4184993,"Sep 29, 2024",732,5717,,,,4.4513063,179659,true,chart:HEALTH_AND_FITNESS/TOP_FREE,true,true,2026-10-01T11:10:52.902Z,2026-10-01_1790852962
2026-10-01,com.nike.ntc,Nike Training Club,"Nike, Inc.",Health & Fitness,28794440,"Dec 5, 2012",5048,5704,,,,4.2345448,372714,true,chart:HEALTH_AND_FITNESS/TOP_FREE,false,false,2026-10-01T11:12:22.018Z,2026-10-01_1790852962
2026-10-01,com.kompanion.habit.android,Dear Me: Daily Routine Tracker,Fitself,Health & Fitness,4374571,"Aug 15, 2024",777,5630,,,,4.6674833,218306,true,chart:HEALTH_AND_FITNESS/GROSSING,false,false,2026-10-01T11:13:27.107Z,2026-10-01_1790852962
2026-10-01,com.fitnow.loseit,Calorie Counter by Lose It!,"FitNow, Inc.",Health & Fitness,21640985,"Feb 5, 2016",3891,5562,,,,4.4375,183697,true,search:weight loss,false,false,2026-10-01T11:18:13.378Z,2026-10-01_1790852962
2026-10-01,com.sillens.shapeupclub,Lifesum: AI Calorie Tracker,Lifesum,Health & Fitness,29616042,"Jun 16, 2011",5586,5302,,,,4.4691358,378585,true,search:diet plan,false,false,2026-10-01T11:18:33.263Z,2026-10-01_1790852962
2026-10-01,com.fc.app.iq.brain.training.mind.games.logic.test.puzzle,Brainova: IQ Test & Logic Game,FALCON GAME,Health & Fitness,2298143,"Jul 23, 2025",435,5283,,,,4.4897957,23175,true,chart:HEALTH_AND_FITNESS/TOP_FREE,false,false,2026-10-01T11:12:47.785Z,2026-10-01_1790852962
2026-10-01,com.stepsappgmbh.stepsapp,StepsApp – Step Counter,StepsApp,Health & Fitness,17058760,"Aug 28, 2017",3321,5137,,,,4.703398,158827,true,chart:HEALTH_AND_FITNESS/TOP_FREE,true,false,2026-10-01T11:10:26.611Z,2026-10-01_1790852962
2026-10-01,com.dnt.yoga.yogaforbeginners,Daily Yoga For Beginners,o16i Apps,Health & Fitness,10859906,"Dec 3, 2020",2128,5103,,,,4.533088,38740,true,chart:HEALTH_AND_FITNESS/TOP_FREE,true,false,2026-10-01T11:11:14.501Z,2026-10-01_1790852962
2026-10-01,org.sadhguru.miracleofmind,Miracle of Mind - Sadhguru,Isha Mobile,Health & Fitness,2945081,"Feb 7, 2025",601,4900,,,,4.818702,136796,true,chart:HEALTH_AND_FITNESS/TOP_FREE,true,true,2026-10-01T11:12:51.749Z,2026-10-01_1790852962
2026-10-01,fit.cure.android,cult.fit Gym Workout & Fitness,Curefit Healthcare Pvt. Ltd.,Health & Fitness,16781707,"Apr 30, 2017",3441,4877,,,,4.6395597,142902,true,chart:HEALTH_AND_FITNESS/TOP_FREE,true,true,2026-10-01T11:10:19.596Z,2026-10-01_1790852962
2026-10-01,com.jk.walk.run.aos,WalkRun: Walking Tracker,JINGKEI,Health & Fitness,1222468,"Jan 20, 2026",254,4813,,,,4.374502,10461,true,chart:HEALTH_AND_FITNESS/TOP_FREE,false,false,2026-10-01T11:11:31.568Z,2026-10-01_1790852962
2026-10-01,com.divinememorygames.pedometer,Pedometer King - Step Counter,Kingbrain,Health & Fitness,14633614,"Feb 27, 2018",3138,4663,,,,4.7024665,94528,true,chart:HEALTH_AND_FITNESS/TOP_FREE,true,false,2026-10-01T11:11:08.000Z,2026-10-01_1790852962
2026-10-01,com.maxbupa.healthapp,Niva Bupa Health,Niva Bupa Health Insurance,Health & Fitness,14196377,"May 31, 2018",3045,4662,,,,4.5370708,137823,true,chart:HEALTH_AND_FITNESS/TOP_FREE,true,false,2026-10-01T11:10:08.777Z,2026-10-01_1790852962
2026-10-01,com.heart.myheart.aos,MyHeart-Data for Healthier You,ZenithAI Works,Health & Fitness,2114056,"Jun 16, 2025",472,4479,,,,4.105641,25853,true,chart:HEALTH_AND_FITNESS/TOP_FREE,false,false,2026-10-01T11:12:44.801Z,2026-10-01_1790852962
2026-10-01,com.period.tracker.lite,Period Tracker,GP International LLC,Health & Fitness,24312161,"Oct 7, 2011",5473,4442,,,,4.683077,358134,true,search:period tracker,false,false,2026-10-01T11:21:17.266Z,2026-10-01_1790852962
2026-10-01,com.dailyyoga.inc,Daily Yoga ®: Yoga for Fitness,DAILY FITNESS,Health & Fitness,21852501,"Jun 2, 2012",5234,4175,,,,4.666206,162281,true,chart:HEALTH_AND_FITNESS/GROSSING,false,false,2026-10-01T11:13:08.093Z,2026-10-01_1790852962
2026-10-01,com.calorie.counter.ai,CaloVision: AI Calorie Counter,Tap into Apps,Health & Fitness,446559,"Jun 16, 2026",107,4173,,,,3.9809523,9260,true,chart:HEALTH_AND_FITNESS/TOP_FREE,false,false,2026-10-01T11:12:04.803Z,2026-10-01_1790852962
2026-10-01,com.wachanga.womancalendar,Clover: Period & Cycle Tracker,Wachanga,Health & Fitness,12060723,"Aug 27, 2018",2957,4079,,,,4.427265,312001,true,search:period tracker,false,false,2026-10-01T11:21:16.305Z,2026-10-01_1790852962
2026-10-01,com.pepkit.ssg,StepSetGo: Step Into Rewards,StepSetGo - SSG,Health & Fitness,11444068,"Jan 5, 2019",2826,4050,,,,4.5386057,283242,true,chart:HEALTH_AND_FITNESS/TOP_FREE,false,false,2026-10-01T11:11:59.649Z,2026-10-01_1790852962
2026-10-01,com.wsl.noom,Noom: Weight Loss & GLP-1 Care,"Noom, Inc.",Health & Fitness,22817927,"Mar 17, 2011",5677,4019,,,,2.63,314332,true,search:weight loss,true,true,2026-10-01T11:18:10.289Z,2026-10-01_1790852962
2026-10-01,com.AnatomyLearning.Anatomy3DViewer3,Anatomy Learning - 3D Anatomy,3D Medical OU,Medical,18122923,"Mar 20, 2014",4578,3959,,,,4.6614494,169861,true,chart:MEDICAL/TOP_FREE,false,false,2026-10-01T11:14:02.041Z,2026-10-01_1790852962
2026-10-01,com.appediet.appediet,AI Calorie Counter - Appediet,Appediet Information PTE. LTD,Health & Fitness,2033573,"Apr 28, 2025",521,3903,,,,4.5136986,108666,true,chart:HEALTH_AND_FITNESS/TOP_FREE,true,false,2026-10-01T11:11:06.045Z,2026-10-01_1790852962
2026-10-01,com.jawline.exercises,Jawline exercises and mewing,Firehawk,Health & Fitness,5317037,"Dec 15, 2022",1386,3836,,,,4.701057,67609,true,chart:HEALTH_AND_FITNESS/TOP_FREE,false,false,2026-10-01T11:12:07.781Z,2026-10-01_1790852962
2026-10-01,llc.sololeveling.Arise,Arise: Level Up In Real Life,Golden Gate Media,Health & Fitness,2052390,"Apr 10, 2025",539,3808,,,,4.5263257,253994,true,chart:HEALTH_AND_FITNESS/GROSSING,false,false,2026-10-01T11:13:20.238Z,2026-10-01_1790852962
2026-10-01,com.musa.musa,Musa: Period & Self-Care Pet,"Musa Health, Inc.",Health & Fitness,969674,"Jan 11, 2026",263,3687,,,,4.480392,30939,true,search:period tracker,false,false,2026-10-01T11:21:24.190Z,2026-10-01_1790852962
2026-10-01,com.beatxp.dafit,beatXP FIT (official app),GHV Medical Anchor Private Limited,Health & Fitness,4368346,"Jun 29, 2023",1190,3671,,,,4.0510807,62786,true,chart:HEALTH_AND_FITNESS/TOP_FREE,false,false,2026-10-01T11:11:36.606Z,2026-10-01_1790852962
2026-10-01,com.wegrow.we_grow,"SuperLiving Weight, Skin, Hair",SuperLiving,Health & Fitness,2189103,"Feb 8, 2025",600,3649,,,,4.714286,6265,true,chart:HEALTH_AND_FITNESS/TOP_FREE,true,true,2026-10-01T11:10:06.755Z,2026-10-01_1790852962
2026-10-01,com.calories.tracker.fasting.diet.health.monitor,AI Weight & Calorie Tracker,Code Dao,Health & Fitness,585295,"Apr 23, 2026",161,3635,,,,3.34,2216,true,chart:HEALTH_AND_FITNESS/TOP_FREE,false,false,2026-10-01T11:12:50.759Z,2026-10-01_1790852962
2026-10-01,com.star.customer_app,Star Health,Star Health And Allied Insurance Company Limited,Health & Fitness,9132432,"Sep 24, 2019",2564,3562,,,,4.6102,394009,true,chart:HEALTH_AND_FITNESS/TOP_FREE,true,false,2026-10-01T11:10:09.773Z,2026-10-01_1790852962
2026-10-01,com.muscleblaze,MuscleBlaze,Brightlifecare,Health & Fitness,4423629,"Apr 30, 2023",1250,3539,,,,4.567065,86573,true,chart:HEALTH_AND_FITNESS/TOP_FREE,true,false,2026-10-01T11:10:24.653Z,2026-10-01_1790852962
2026-10-01,com.practo.fabric,Practo: Doctor Appointment App,"Doctor Appointment, Consultation, Meds, Tests&more",Medical,16085107,"Mar 15, 2014",4583,3510,,,,4.4904594,278500,true,chart:MEDICAL/TOP_FREE,false,false,2026-10-01T11:14:01.062Z,2026-10-01_1790852962
2026-10-01,com.bodbot.trainer,BodBot AI Personal Trainer,BodBot,Health & Fitness,12416827,"Nov 16, 2016",3606,3443,,,,4.635838,74588,true,chart:HEALTH_AND_FITNESS/GROSSING,false,false,2026-10-01T11:13:23.196Z,2026-10-01_1790852962
2026-10-01,baby.pregnancy.tracker.app,Pregnancy Test app: Test Check,AppeZay,Health & Fitness,1165330,"Oct 21, 2025",345,3378,,,,3.1568627,990,true,chart:HEALTH_AND_FITNESS/TOP_FREE,true,false,2026-10-01T11:11:24.579Z,2026-10-01_1790852962
2026-10-01,pilatesworkouts.loseweight.dailyyoga,PILATES Workouts at Home,Nexoft - Fitness Apps,Health & Fitness,7540557,"Aug 14, 2020",2239,3368,,,,4.843243,186653,true,chart:HEALTH_AND_FITNESS/TOP_FREE,false,false,2026-10-01T11:11:52.693Z,2026-10-01_1790852962
2026-10-01,com.religare.healthinsurance,Care Health - Customer App,Care Health Insurance limited,Health & Fitness,9667154,"Nov 16, 2018",2876,3361,,,,4.176075,72695,true,chart:HEALTH_AND_FITNESS/TOP_FREE,true,false,2026-10-01T11:09:57.725Z,2026-10-01_1790852962
2026-10-01,com.cardiolens.pulse.camera,CardioLens - Heart Rate,FIFA VPN,Health & Fitness,1326273,"Sep 1, 2025",395,3358,,,,4.1458335,13818,true,chart:HEALTH_AND_FITNESS/TOP_FREE,true,false,2026-10-01T11:10:53.891Z,2026-10-01_1790852962
2026-10-01,com.plixlifereactnative,Plixlife,SATIYA NUTRACEUTICALS PRIVATE LTD,Health & Fitness,3213002,"Jan 16, 2024",989,3249,,,,4.4668875,120503,true,chart:HEALTH_AND_FITNESS/TOP_FREE,true,false,2026-10-01T11:10:34.593Z,2026-10-01_1790852962
2026-10-01,com.bowerydigital.bend,Bend: Stretching & Flexibility,"Bend Health & Fitness, Inc.",Health & Fitness,5376341,"Mar 14, 2022",1662,3235,,,,4.641791,167436,true,chart:HEALTH_AND_FITNESS/GROSSING,false,false,2026-10-01T11:13:28.062Z,2026-10-01_1790852962
2026-10-01,com.mosaicwellness.manmatters,"Man Matters: Hair, Beard, Skin",Mosaic Wellness,Health & Fitness,6436101,"Mar 20, 2021",2021,3185,,,,4.530539,78243,true,chart:HEALTH_AND_FITNESS/TOP_FREE,true,true,2026-10-01T11:10:28.636Z,2026-10-01_1790852962
2026-10-01,com.hevy,Hevy - Gym Log Workout Tracker,Hevy Gym Workout Tracker,Health & Fitness,8305291,"Jun 29, 2019",2651,3133,,,,4.852907,272239,true,chart:HEALTH_AND_FITNESS/TOP_FREE,false,false,2026-10-01T11:11:44.766Z,2026-10-01_1790852962
2026-10-01,helsi.me,Helsi: Book a Doctor & Health,Helsi.me,Medical,6641891,"Nov 18, 2020",2143,3099,,,,,,true,chart:MEDICAL/GROSSING,false,false,2026-10-01T11:17:09.783Z,2026-10-01_1790852962
2026-10-01,com.seekhoai.android,Seekho Health: Weight Loss App,Seekho App,Health & Fitness,1394306,"Jul 5, 2025",453,3078,,,,4.7272725,2591,true,chart:HEALTH_AND_FITNESS/TOP_FREE,true,true,2026-10-01T11:10:01.684Z,2026-10-01_1790852962
2026-10-01,com.jogging.walking.weightloss.pedometer.steptracker,Daily Running Tracker with GPS,Clic Foundation,Health & Fitness,3230285,"Nov 9, 2023",1057,3056,,,,3.980695,7934,true,chart:HEALTH_AND_FITNESS/TOP_FREE,false,false,2026-10-01T11:11:43.765Z,2026-10-01_1790852962
2026-10-01,life.simple,Simple・AI Weight Loss & Health,Simple.Life Apps Inc,Health & Fitness,7461366,"Dec 4, 2019",2493,2993,,,,4.3219314,142509,true,search:weight loss,true,true,2026-10-01T11:18:15.337Z,2026-10-01_1790852962
2026-10-01,com.blood.sugar.tracker.glucometer.Diary.test.diabetes.checker.info.glucose.convert.logger.health.fitness.monitor.history,Blood Sugar Diary for Diabetes,Cards,Medical,6922496,"May 29, 2020",2316,2989,,,,4.2420454,24998,true,chart:MEDICAL/TOP_FREE,false,false,2026-10-01T11:13:57.054Z,2026-10-01_1790852962
2026-10-01,com.czw.freefit,Fere Fit,"SHENZHEN ZHONGWEI INTELLIGENT TECHNOLOGY CO.,Ltd",Health & Fitness,7535328,"Oct 13, 2019",2545,2961,,,,3.9363208,18639,true,chart:HEALTH_AND_FITNESS/TOP_FREE,true,false,2026-10-01T11:11:13.451Z,2026-10-01_1790852962
2026-10-01,com.eatr.eatr,Eatr・AI Healthy Meal Plan・Diet,Eatr - MealPlans,Food & Drink,1643166,"Mar 17, 2025",563,2919,,,,4.5188866,56393,true,search:diet plan,false,false,2026-10-01T11:18:25.269Z,2026-10-01_1790852962
2026-10-01,com.lyfta,Lyfta: Gym Log Workout Tracker,Lyfta Gym Workout Tracker,Health & Fitness,4613815,"May 30, 2022",1585,2911,,,,4.794798,62688,true,chart:HEALTH_AND_FITNESS/GROSSING,false,false,2026-10-01T11:13:24.182Z,2026-10-01_1790852962
2026-10-01,com.work.gym.workout,Gym Workout & Diet Plan–30 Day,J.R. DREAMS,Health & Fitness,803308,"Dec 26, 2025",279,2879,,,,4.45,499,true,chart:HEALTH_AND_FITNESS/TOP_FREE,false,false,2026-10-01T11:12:38.910Z,2026-10-01_1790852962
2026-10-01,so.nymph.android,Nymph: Open-Minded Dating App,Nymph.so,Dating,2502758,"May 9, 2024",875,2860,,,,4.3368754,12720,true,search:sexual wellness,false,false,2026-10-01T11:22:26.839Z,2026-10-01_1790852962
2026-10-01,omegacentauri.mobi.simplestopwatch,Giant Stopwatch,Omega Centauri Software,Health & Fitness,7357602,"Sep 3, 2019",2585,2846,,,,3.9885714,5939,true,chart:HEALTH_AND_FITNESS/TOP_FREE,true,false,2026-10-01T11:10:48.670Z,2026-10-01_1790852962
2026-10-01,com.Tropic.tai_chi_workout,Tai Chi Walking & Chair Yoga,Tropic,Health & Fitness,1176188,"Aug 9, 2025",418,2814,,,,4.4411764,13548,true,chart:HEALTH_AND_FITNESS/TOP_FREE,true,false,2026-10-01T11:10:38.570Z,2026-10-01_1790852962
2026-10-01,com.fitness22.running,Running Distance Tracker +,Fitness22,Health & Fitness,10385172,"Jun 20, 2016",3755,2766,,,,4.595092,151721,true,chart:HEALTH_AND_FITNESS/TOP_FREE,true,false,2026-10-01T11:11:09.086Z,2026-10-01_1790852962
2026-10-01,ru.morizo.clatch,Clatch: Women's period tracker,MTS LAB LLC,Health & Fitness,3812753,"Nov 22, 2022",1409,2706,,,,4.38,13476,true,search:period tracker,false,false,2026-10-01T11:21:34.075Z,2026-10-01_1790852962
2026-10-01,com.szyk.myheart,Blood Pressure,Klimaszewski Szymon,Medical,13283552,"Jul 15, 2012",5191,2559,,,,3.73,56837,true,chart:MEDICAL/GROSSING,false,false,2026-10-01T11:18:05.387Z,2026-10-01_1790852962
2026-10-01,com.cdac.cpdvdms,GP-DVDMS,CDAC Noida,Medical,303144,"Jun 2, 2026",121,2505,,,,3.96,116,true,chart:MEDICAL/TOP_FREE,false,false,2026-10-01T11:14:08.136Z,2026-10-01_1790852962
2026-10-01,in.perfectskin.android,PerfectSkin – AI Skin Coach,Deepsense AI: Skincare,Lifestyle,718087,"Dec 12, 2025",293,2451,,,,4.1788077,1499,true,search:skin doctor,false,false,2026-10-01T11:19:49.122Z,2026-10-01_1790852962
2026-10-01,com.bpsugar.bloodpressure.blood.sugar.tracker,Blood Sugar & BP Monitor,HKL Game Studio,Medical,176185,"Jul 20, 2026",73,2413,,,,4,19,true,chart:MEDICAL/TOP_FREE,false,false,2026-10-01T11:14:03.046Z,2026-10-01_1790852962
2026-10-01,com.mentallabs.mentalhealth,Mental Health: Serene,Uprise Labs,Health & Fitness,1277273,"Apr 13, 2025",536,2383,,,,4.655844,59366,true,chart:HEALTH_AND_FITNESS/TOP_FREE,false,false,2026-10-01T11:12:00.710Z,2026-10-01_1790852962
2026-10-01,com.redcliffelabs,Redcliffe Labs - Blood Test,Redcliffe Labs,Medical,4339799,"Aug 27, 2021",1861,2332,,,,4.880315,30340,true,chart:MEDICAL/TOP_FREE,false,false,2026-10-01T11:13:58.033Z,2026-10-01_1790852962
2026-10-01,eu.smartpatient.mytherapy,Meds & Pill Reminder MyTherapy,MyTherapy,Medical,9762744,"Apr 14, 2015",4188,2331,,,,4.6762886,241522,true,chart:MEDICAL/TOP_FREE,false,false,2026-10-01T11:16:51.550Z,2026-10-01_1790852962
2026-10-01,com.app.tbmuktbharat,TB Mukt Bharat,National TB Elimination Program (NTEP),Medical,442716,"Mar 22, 2026",193,2294,,,,3.7,237,true,chart:MEDICAL/TOP_FREE,false,false,2026-10-01T11:14:13.180Z,2026-10-01_1790852962
2026-10-01,com.amomedia.madmuscles,MadMuscles: Workouts & Diet,AMO Apps,Health & Fitness,4889258,"Nov 6, 2020",2155,2269,,,,4.2617645,119465,true,chart:HEALTH_AND_FITNESS/GROSSING,false,false,2026-10-01T11:13:13.262Z,2026-10-01_1790852962
2026-10-01,com.hazard.taekwondo,Taekwondo Workout At Home,ActiveWell Digital,Health & Fitness,3980731,"Dec 11, 2021",1755,2268,,,,4.5545454,15797,true,chart:HEALTH_AND_FITNESS/TOP_FREE,false,false,2026-10-01T11:13:00.858Z,2026-10-01_1790852962
2026-10-01,com.calorie.tracker.meal.tracker.nutrition,Nutrition & Calorie Tracker,PLHGlobal,Health & Fitness,528285,"Feb 9, 2026",234,2258,,,,4.57,1012,true,search:weight gain,false,false,2026-10-01T11:22:53.691Z,2026-10-01_1790852962
2026-10-01,com.smsrobot.period,Period and Ovulation Tracker,SMSROBOT LTD,Medical,10645344,"Oct 11, 2013",4738,2247,,,,4.714286,177852,true,search:period tracker,false,false,2026-10-01T11:21:26.211Z,2026-10-01_1790852962
2026-10-01,com.mfine,MFine: Your Healthcare App,mfine - Consult Online with Doctor & Book Lab Test,Medical,7318469,"Oct 6, 2017",3282,2230,,,,4.5937347,100786,true,chart:MEDICAL/TOP_FREE,false,false,2026-10-01T11:15:29.738Z,2026-10-01_1790852962
2026-10-01,in.guardiannewapp,GNC India,GNC India,Health & Fitness,2284937,"Nov 28, 2023",1038,2201,,,,4.5300093,10824,true,chart:HEALTH_AND_FITNESS/TOP_FREE,true,false,2026-10-01T11:10:22.627Z,2026-10-01_1790852962
2026-10-01,com.sharon.stepcounter.walking,Step Counter: Walking Tracker,Sharon Evans,Health & Fitness,761285,"Oct 19, 2025",347,2194,,,,4.67,1068,true,chart:HEALTH_AND_FITNESS/TOP_FREE,false,false,2026-10-01T11:11:39.794Z,2026-10-01_1790852962
2026-10-01,in.medibuddy,MediBuddy-Doctor Medicine ABHA,"Online Doctor, Lab Test, Health Check up",Medical,9782378,"Jul 8, 2014",4468,2189,,,,4.5575676,259130,true,chart:MEDICAL/TOP_FREE,false,false,2026-10-01T11:14:15.241Z,2026-10-01_1790852962
2026-10-01,com.digitallence.kegelmanapp,Kegel Men: Men's Pelvic Health,DGT YAZILIM,Health & Fitness,3046770,"Nov 26, 2022",1405,2169,,,,4.2713356,117052,true,chart:HEALTH_AND_FITNESS/GROSSING,false,false,2026-10-01T11:13:10.217Z,2026-10-01_1790852962
2026-10-01,com.yispark.walk.lite.aos,WalkLite: Earn reward by walk,YiSpark,Health & Fitness,577877,"Jan 7, 2026",267,2164,,,,4.5346537,7184,true,chart:HEALTH_AND_FITNESS/TOP_FREE,false,false,2026-10-01T11:11:32.572Z,2026-10-01_1790852962
2026-10-01,premom.eh.com.ehpremomapp,Ovulation Tracker App - Premom,premom.com,Health & Fitness,7022809,"Sep 29, 2017",3289,2135,,,,4.1960945,38163,true,chart:HEALTH_AND_FITNESS/TOP_FREE,true,false,2026-10-01T11:10:45.615Z,2026-10-01_1790852962
2026-10-01,com.iw.peng.walk.aos,Pengo: Walk to earn reward,ideas wonderful,Health & Fitness,589875,"Dec 27, 2025",278,2122,,,,4.3418803,6434,true,chart:HEALTH_AND_FITNESS/TOP_FREE,true,false,2026-10-01T11:11:18.548Z,2026-10-01_1790852962
2026-10-01,com.runbuddy.prod,Runna: Running Plans & Coach,Strava Inc.,Health & Fitness,3755544,"Nov 24, 2021",1772,2119,,,,4.6573424,33803,true,chart:HEALTH_AND_FITNESS/GROSSING,false,false,2026-10-01T11:13:15.282Z,2026-10-01_1790852962
2026-10-01,com.healthians.main.healthians,Healthians -Full Body Checkup,Healthians.com,Medical,7428933,"Sep 14, 2016",3669,2025,,,,4.13963,69230,true,chart:MEDICAL/TOP_FREE,false,false,2026-10-01T11:13:52.132Z,2026-10-01_1790852962
2026-10-01,com.healthkart.healthkart,HealthKart: Fitness for All,Brightlifecare,Health & Fitness,8821427,"Oct 16, 2014",4368,2020,,,,4.5309086,116108,true,chart:HEALTH_AND_FITNESS/TOP_FREE,true,false,2026-10-01T11:10:42.552Z,2026-10-01_1790852962
2026-10-01,pathlabs.com.pathlabs,Dr Lal PathLabs - Blood Test,Dr. Lal PathLabs Ltd,Medical,7794405,"Feb 29, 2016",3867,2016,,,,4.3443747,35887,true,chart:MEDICAL/TOP_FREE,false,false,2026-10-01T11:13:54.078Z,2026-10-01_1790852962
2026-10-01,org.nativescript.LibreLinkUp,LibreLinkUp,"Newyu, Inc",Medical,2203055,"Oct 4, 2023",1093,2016,,,,4.24,39009,true,chart:MEDICAL/TOP_FREE,false,false,2026-10-01T11:17:00.378Z,2026-10-01_1790852962
2026-10-01,com.basenjiapps.breeze,Breeze: Self-Discovery Buddy,Basenji Apps,Health & Fitness,3963844,"May 12, 2021",1968,2014,,,,4.069869,54774,true,chart:HEALTH_AND_FITNESS/TOP_FREE,true,false,2026-10-01T11:11:07.014Z,2026-10-01_1790852962
2026-10-01,com.journable.app,Journable: AI Calorie Counter,Journable,Health & Fitness,1835922,"Mar 13, 2024",932,1970,,,,4.7604666,119015,true,chart:HEALTH_AND_FITNESS/GROSSING,false,false,2026-10-01T11:13:18.214Z,2026-10-01_1790852962
2026-10-01,in.plackal.lovecyclesfree,Maya - Period & Health,Plackal Tech,Health & Fitness,10427308,"Dec 8, 2011",5411,1927,,,,4.6935053,252430,true,search:period tracker,false,false,2026-10-01T11:21:25.199Z,2026-10-01_1790852962
2026-10-01,com.mindgarden.seed,Seed: Gamify No Nut Quit Porn,Quiet Games.,Health & Fitness,1078346,"Mar 14, 2025",566,1905,,,,4.494723,72832,true,chart:HEALTH_AND_FITNESS/TOP_FREE,false,false,2026-10-01T11:12:35.004Z,2026-10-01_1790852962
2026-10-01,com.step.counter.calorie.weight.tracker,Daily Calorie: Nutrition Track,APSOFT HKT,Health & Fitness,279310,"May 4, 2026",150,1862,,,,4.04,493,true,chart:HEALTH_AND_FITNESS/TOP_FREE,false,false,2026-10-01T11:12:52.748Z,2026-10-01_1790852962
2026-10-01,com.savexrising.fbactive,FB-ACTIVE,Boltt Sports Technologies,Health & Fitness,2268767,"Apr 27, 2023",1253,1811,,,,3.1275303,5163,true,chart:HEALTH_AND_FITNESS/TOP_FREE,true,false,2026-10-01T11:11:25.557Z,2026-10-01_1790852962
2026-10-01,com.mosaicwellness.bebodywise,Be Bodywise Women's Health App,Mosaic Wellness,Health & Fitness,2338139,"Mar 18, 2023",1293,1808,,,,4.6769233,16314,true,chart:HEALTH_AND_FITNESS/TOP_FREE,true,true,2026-10-01T11:11:10.414Z,2026-10-01_1790852962
2026-10-01,com.snorelab.app,SnoreLab : Record Your Snoring,Reviva Softworks Ltd,Health & Fitness,7139970,"Sep 21, 2015",4028,1773,,,,4.36,52635,true,chart:HEALTH_AND_FITNESS/GROSSING,false,false,2026-10-01T11:13:30.133Z,2026-10-01_1790852962
2026-10-01,com.medplus.mobile.android,MedPlus Mart - Online Pharmacy,MedPlus Health Services Limited,Medical,7870057,"Jul 3, 2014",4473,1759,,,,4.3783784,36049,true,chart:MEDICAL/TOP_FREE,false,false,2026-10-01T11:14:00.059Z,2026-10-01_1790852962
2026-10-01,com.catfishanimationstudio.MuscularSystemLite,Anatomy 3D Atlas,Catfish Animation Studio,Medical,6993919,"Sep 8, 2015",4041,1731,,,,4.5589433,32728,true,chart:MEDICAL/TOP_FREE,false,false,2026-10-01T11:14:50.991Z,2026-10-01_1790852962
2026-10-01,com.rrsolutions.fevercheckup,Body Temperature・Fever Tracker,Firehawk,Medical,4115087,"Mar 22, 2020",2384,1726,,,,3.42,7188,true,chart:MEDICAL/TOP_FREE,false,false,2026-10-01T11:15:11.840Z,2026-10-01_1790852962
2026-10-01,com.sonova.phonak.dsapp,myPhonak,Sonova AG,Medical,4486892,"Jul 25, 2019",2625,1709,,,,4.5550756,133849,true,chart:MEDICAL/TOP_FREE,false,false,2026-10-01T11:16:29.638Z,2026-10-01_1790852962
2026-10-01,com.codingiot.co.fit,CO FIT,Shenzhen Coding IOT Technology Limited,Health & Fitness,3484496,"Feb 17, 2021",2052,1698,,,,4.417795,23814,true,chart:HEALTH_AND_FITNESS/TOP_FREE,false,false,2026-10-01T11:12:27.956Z,2026-10-01_1790852962
2026-10-01,com.cronometer.android.gold,Cronometer: Calorie Counter,Cronometer Software Inc.,Health & Fitness,6292907,"Jul 13, 2016",3732,1686,,,,4.4086957,58758,true,chart:HEALTH_AND_FITNESS/TOP_FREE,false,false,2026-10-01T11:12:16.756Z,2026-10-01_1790852962
2026-10-01,com.ronasoftstudios.soundmagnifier,Microphone Amplifier,Firehawk,Medical,4123046,"Jan 10, 2020",2456,1679,,,,4.295082,23641,true,chart:MEDICAL/TOP_FREE,false,false,2026-10-01T11:14:28.084Z,2026-10-01_1790852962
2026-10-01,com.medscape.android,Medscape,"WebMD, LLC",Medical,9560437,"Jan 6, 2011",5747,1664,,,,4.4048257,63838,true,chart:MEDICAL/TOP_FREE,false,false,2026-10-01T11:14:48.998Z,2026-10-01_1790852962
2026-10-01,net.medshr.android,MedShr: Discuss Clinical Cases,MedShr,Medical,6680445,"Jul 29, 2015",4082,1637,,,,4.0900474,12921,true,chart:MEDICAL/TOP_FREE,false,false,2026-10-01T11:15:53.930Z,2026-10-01_1790852962
2026-10-01,com.fourtechnologies.mynetdiary.ad,Calorie Counter - MyNetDiary,MyNetDiary.com,Health & Fitness,9586152,"Sep 17, 2010",5858,1636,,,,4.4965034,117267,true,search:weight loss,false,false,2026-10-01T11:18:22.305Z,2026-10-01_1790852962
2026-10-01,com.azaknordive.body.temperature.tracker.thermometer.fever.checker.diary.history.info.monitor.records.calc.hypo,Body Temperature Fever Tracker,Prometheus Interactive LLC,Medical,1744447,"Oct 19, 2023",1078,1618,,,,3.77,4194,true,chart:MEDICAL/TOP_FREE,false,false,2026-10-01T11:15:22.729Z,2026-10-01_1790852962
2026-10-01,com.musclewiki.macro,MuscleWiki: Workout & Fitness,MuscleWiki SEZC,Health & Fitness,2969484,"Aug 29, 2021",1859,1597,,,,4.4781747,18986,true,chart:HEALTH_AND_FITNESS/TOP_FREE,false,false,2026-10-01T11:12:32.931Z,2026-10-01_1790852962
2026-10-01,com.bodytemperatureThermometer.feverRecordsdiary,Body Temperature Thermometer,InterPressureHub,Medical,3466926,"Oct 15, 2020",2177,1593,,,,3.96,11933,true,chart:MEDICAL/TOP_FREE,false,false,2026-10-01T11:15:51.952Z,2026-10-01_1790852962
2026-10-01,com.mosaicwellness.ourlittlejoys,Little Joys: Kids' Health App,Mosaic Wellness,Health & Fitness,2295565,"Oct 18, 2022",1444,1590,,,,4.7531414,35778,true,chart:HEALTH_AND_FITNESS/TOP_FREE,true,false,2026-10-01T11:09:49.739Z,2026-10-01_1790852962
2026-10-01,com.ai.calories.scan.food.nutrition,AI Calorie & Nutrition Tracker,AGS-Stiftung,Health & Fitness,166612,"Jun 18, 2026",105,1587,,,,3.25,641,true,chart:HEALTH_AND_FITNESS/TOP_FREE,true,false,2026-10-01T11:10:04.769Z,2026-10-01_1790852962
2026-10-01,breathefree.lung.health.asthma.breathing,Breathefree: Lung Health App,Cipla Digital Health Limited,Health & Fitness,2374529,"Aug 5, 2022",1518,1564,,,,4.6689653,4341,true,chart:HEALTH_AND_FITNESS/TOP_FREE,true,false,2026-10-01T11:11:01.970Z,2026-10-01_1790852962
2026-10-01,com.sritindiapvtltd.ysraarogyasri_app,Dr NTR Vaidya Seva,Dr Nandamuri Taraka Rama Rao Vaidya Seva Trust,Medical,2759576,"Nov 22, 2021",1774,1556,,,,3.4362018,3392,true,chart:MEDICAL/TOP_FREE,false,false,2026-10-01T11:16:04.824Z,2026-10-01_1790852962
2026-10-01,in.mediassist.malite,MAven - Borderless Benefits,Medi Assist Healthcare Services,Health & Fitness,1936014,"Apr 9, 2023",1271,1523,,,,4.223754,9384,true,chart:HEALTH_AND_FITNESS/TOP_FREE,true,false,2026-10-01T11:10:50.652Z,2026-10-01_1790852962
2026-10-01,com.mysugr.android.companion,mySugr - Diabetes Tracker Log,mySugr GmbH,Medical,6786970,"Jan 21, 2014",4636,1464,,,,4.555219,142153,true,chart:MEDICAL/TOP_FREE,false,false,2026-10-01T11:15:15.806Z,2026-10-01_1790852962
2026-10-01,com.cdac.cghsmobileapp,myCGHS 2.0,CDAC Noida,Medical,786671,"Mar 27, 2025",553,1423,,,,4.0904646,3751,true,chart:MEDICAL/TOP_FREE,false,false,2026-10-01T11:14:27.078Z,2026-10-01_1790852962
2026-10-01,com.selantoapps.weightdiary,Weight Loss Diary & Tracker,"Selanto Apps - BMI, Body & Weight Trackers",Health & Fitness,4178213,"Aug 11, 2018",2973,1405,,,,4.477612,47720,true,search:weight loss,false,false,2026-10-01T11:18:16.345Z,2026-10-01_1790852962
2026-10-01,com.srllimited.srl,Agilus Diagnostics: Blood Test,Agilus Diagnostics (formerly SRL Diagnostics),Medical,6263391,"Mar 3, 2014",4595,1363,,,,3.2901878,15392,true,chart:MEDICAL/TOP_FREE,false,false,2026-10-01T11:14:21.106Z,2026-10-01_1790852962
2026-10-01,com.squats.fittr,"FITTR: Fitness, Diet & Workout",FITTR - Fitness & Personal Training,Health & Fitness,3897873,"Sep 15, 2018",2938,1327,,,,4.3816476,21066,true,chart:HEALTH_AND_FITNESS/TOP_FREE,true,true,2026-10-01T11:11:16.593Z,2026-10-01_1790852962
2026-10-01,com.banarums.hairmaxai,HairSnap Hair & Style Analysis,Innova Tap Apps,Lifestyle,896219,"Nov 19, 2024",681,1316,,,,3.8181818,33042,true,search:hair loss,false,false,2026-10-01T11:19:05.815Z,2026-10-01_1790852962
2026-10-01,app.weightfit.android,WeightFit: Weight Loss Tracker,Appovo,Health & Fitness,3965606,"Jun 19, 2018",3026,1311,,,,4.7586207,63607,true,search:weight loss,false,false,2026-10-01T11:18:23.264Z,2026-10-01_1790852962
2026-10-01,com.studio.mybloodpressure.aibps,Blood Pressure Studio,Emily Yu,Health & Fitness,63739,"Aug 13, 2026",49,1301,,,,,,true,chart:HEALTH_AND_FITNESS/TOP_FREE,false,false,2026-10-01T11:12:30.916Z,2026-10-01_1790852962
2026-10-01,com.nutrabay,Nutrabay: Supplements Store,Nutrabay,Health & Fitness,3266581,"Oct 13, 2019",2545,1284,,,,4.8211646,33718,true,chart:HEALTH_AND_FITNESS/TOP_FREE,true,false,2026-10-01T11:10:49.662Z,2026-10-01_1790852962
2026-10-01,bajajfinserv.in.hrx.app,Bajaj Finserv Health,Bajaj Finserv Health: Online Doctor Consultation,Medical,3235534,"Oct 25, 2019",2533,1277,,,,4.077584,34909,true,chart:MEDICAL/TOP_FREE,false,false,2026-10-01T11:14:48.038Z,2026-10-01_1790852962
2026-10-01,com.unicharm.sofyclub,Sofy Period & Cycle Tracker,Unicharm India Pvt Ltd,Health & Fitness,864344,"Nov 12, 2024",688,1256,,,,4.457143,1740,true,search:period tracker,false,false,2026-10-01T11:21:19.234Z,2026-10-01_1790852962
2026-10-01,com.signia.rta,Signia App,Sivantos Pte. Ltd.,Medical,3217710,"Sep 16, 2019",2572,1251,,,,3.9825583,35574,true,chart:MEDICAL/TOP_FREE,false,false,2026-10-01T11:15:34.615Z,2026-10-01_1790852962
2026-10-01,com.superhearing.soundamplifier,Hearing from Distance: Spy Ear,Wallet Passes Alliance,Medical,2447820,"Apr 18, 2021",1992,1229,,,,4.607143,17961,true,chart:MEDICAL/TOP_FREE,false,false,2026-10-01T11:15:20.733Z,2026-10-01_1790852962
2026-10-01,com.andwhisperer.bp.healthlog,BP Health Log,Admin Whisperer,Health & Fitness,50047,"Aug 21, 2026",41,1221,,,,4.5384617,102,true,chart:HEALTH_AND_FITNESS/TOP_FREE,false,false,2026-10-01T11:12:18.736Z,2026-10-01_1790852962
2026-10-01,com.sudo.den.stepcounter,Step Tracker - Count My Steps,Cards,Health & Fitness,3687794,"Jun 4, 2018",3041,1213,,,,4.769955,39723,true,chart:HEALTH_AND_FITNESS/TOP_FREE,true,false,2026-10-01T11:11:23.572Z,2026-10-01_1790852962
2026-10-01,com.crrepa.band.fireboltt,Fireboltt Pro,Boltt Sports Technologies,Health & Fitness,1078621,"Apr 25, 2024",889,1213,,,,4.218978,1391,true,chart:HEALTH_AND_FITNESS/TOP_FREE,false,false,2026-10-01T11:13:05.941Z,2026-10-01_1790852962
2026-10-01,in.mohalla.fitai,AskkFit- Weight Loss & Fitness,Askk App,Health & Fitness,127003,"Jun 17, 2026",106,1198,,,,4.96,327,true,chart:HEALTH_AND_FITNESS/TOP_FREE,true,true,2026-10-01T11:10:51.734Z,2026-10-01_1790852962
2026-10-01,com.betterweightapp,"Weight Tracker, BMI Calculator",Habitics,Health & Fitness,1909356,"May 19, 2022",1596,1196,,,,4.29,9442,true,search:weight loss,false,false,2026-10-01T11:18:20.370Z,2026-10-01_1790852962
2026-10-01,com.stardust.app,Stardust Period Tracker,Stardust App Inc,Health & Fitness,1855017,"Jun 27, 2022",1557,1191,,,,4.5247526,22924,true,search:period tracker,false,false,2026-10-01T11:21:20.198Z,2026-10-01_1790852962
2026-10-01,com.india.fitpass,FITPASS - Fitness & Wellness,"FITPASS (Workout, Fitness, Weight Loss, Health)",Health & Fitness,4696227,"Sep 19, 2015",4030,1165,,,,4.7836595,35058,true,chart:HEALTH_AND_FITNESS/TOP_FREE,true,true,2026-10-01T11:11:33.591Z,2026-10-01_1790852962
2026-10-01,com.yispark.daily.walk.aos,DailyWalk: Step Tracker,YiSpark,Health & Fitness,97984,"Jul 8, 2026",85,1153,,,,4.364486,844,true,chart:HEALTH_AND_FITNESS/TOP_FREE,false,false,2026-10-01T11:11:30.549Z,2026-10-01_1790852962
2026-10-01,com.lifescan.reveal,​OneTouch Reveal® app,"LifeScan, Inc.",Medical,3639003,"Nov 21, 2017",3236,1125,,,,4.33,33062,true,search:diabetes care,false,false,2026-10-01T11:21:07.381Z,2026-10-01_1790852962
2026-10-01,com.fortis.myFortis,myFortis,Fortis Healthcare Limited,Medical,4225757,"Feb 19, 2016",3877,1090,,,,4.5333333,25494,true,chart:MEDICAL/TOP_FREE,false,false,2026-10-01T11:13:56.045Z,2026-10-01_1790852962
2026-10-01,com.cdac.mconsultancyrailwayhmis,Railway-HMIS,RailTel Corporation of India Ltd,Medical,2095021,"Apr 29, 2021",1981,1058,,,,4.2284794,12433,true,chart:MEDICAL/TOP_FREE,false,false,2026-10-01T11:14:17.202Z,2026-10-01_1790852962
2026-10-01,in.habuild,Habuild: Daily Yoga and Habits,Habuild,Health & Fitness,598267,"Mar 10, 2025",570,1050,,,,4.8956695,5203,true,chart:HEALTH_AND_FITNESS/TOP_FREE,true,false,2026-10-01T11:11:02.970Z,2026-10-01_1790852962
2026-10-01,com.adityabirlahealth.insurance,Activ Health,Aditya Birla Health,Health & Fitness,3741623,"Nov 23, 2016",3599,1040,,,,4.634992,112311,true,chart:HEALTH_AND_FITNESS/TOP_FREE,true,false,2026-10-01T11:10:32.587Z,2026-10-01_1790852962
2026-10-01,com.c2info.wellnessforever,Wellness Forever,Wellness,Medical,3054677,"Aug 23, 2018",2961,1032,,,,4.3440366,17453,true,chart:MEDICAL/TOP_FREE,false,false,2026-10-01T11:14:30.127Z,2026-10-01_1790852962
2026-10-01,com.despdev.weight_loss_calculator,Weight Tracker - WeightLog,despDev,Health & Fitness,4422049,"Dec 30, 2014",4293,1030,,,,4.66,47032,true,search:weight gain,false,false,2026-10-01T11:22:49.661Z,2026-10-01_1790852962
2026-10-01,com.augustai.mobileapp,"August, Your 24/7 Health AI",AugustAI,Health & Fitness,560525,"Apr 4, 2025",545,1028,,,,4.5148516,1520,true,chart:HEALTH_AND_FITNESS/TOP_FREE,true,false,2026-10-01T11:10:37.570Z,2026-10-01_1790852962
2026-10-01,com.genki.healthcompanion,Genki: Weight Loss & Fasting,Zoasoft,Health & Fitness,110913,"Jun 15, 2026",108,1027,,,,3.7,103,true,chart:HEALTH_AND_FITNESS/TOP_FREE,false,false,2026-10-01T11:12:35.987Z,2026-10-01_1790852962
2026-10-01,org.narayanahealth.nhcare,NH Care - Consult a Doctor,NarayanaHealth,Medical,2252387,"Sep 4, 2020",2218,1016,,,,4.782345,60195,true,chart:MEDICAL/TOP_FREE,false,false,2026-10-01T11:14:16.209Z,2026-10-01_1790852962
2026-10-01,esiapp.aaa,ESIC Health Connect,ESIC Mobile App,Health & Fitness,2715666,"May 6, 2019",2705,1004,,,,3.2982457,3543,true,chart:HEALTH_AND_FITNESS/TOP_FREE,true,false,2026-10-01T11:10:31.618Z,2026-10-01_1790852962
2026-10-01,com.earcare.apps.hearingaid,Hearing Aid App for Android,Firehawk,Medical,1995909,"Mar 31, 2021",2010,993,,,,4.3692307,11630,true,chart:MEDICAL/TOP_FREE,false,false,2026-10-01T11:15:02.831Z,2026-10-01_1790852962
2026-10-01,org.instaquit.app,QuitSure: Quit Smoking Smartly,QuitSure,Health & Fitness,2240127,"Jul 21, 2020",2263,990,,,,4.718563,12268,true,chart:HEALTH_AND_FITNESS/GROSSING,false,false,2026-10-01T11:13:06.936Z,2026-10-01_1790852962
2026-10-01,com.rstream.haircare,Hair Care Routine Tracker,Rstream Labs,Beauty,2574549,"Jul 24, 2019",2626,980,,,,4.1777186,19622,true,search:hair loss,false,false,2026-10-01T11:18:59.242Z,2026-10-01_1790852962
2026-10-01,life.femin.pregnancy.period,Period Tracker－Pregnancy・Femin,Ocean Float Mobile,Health & Fitness,862223,"Apr 27, 2024",887,972,,,,4.5,3704,true,search:period tracker,false,false,2026-10-01T11:21:28.193Z,2026-10-01_1790852962
2026-10-01,nutrition.healthy.diet.dietplan.caloriecounter,Calorie counter & Food tracker,Gradient Health Apps,Health & Fitness,2217601,"Jun 17, 2020",2297,965,,,,4.66879,5048,true,search:diet plan,false,false,2026-10-01T11:18:39.211Z,2026-10-01_1790852962
2026-10-01,net.vsf.sadhana,Sadhana: Mantra & Puja,Vedic Sadhana Tech,Health & Fitness,1601665,"Feb 23, 2022",1681,953,,,,4.7977605,30828,true,chart:HEALTH_AND_FITNESS/TOP_FREE,false,false,2026-10-01T11:12:21.063Z,2026-10-01_1790852962
2026-10-01,com.asterdm.patient,Aster Health,ASTER DM QUALITY CARE LIMITED,Medical,649251,"Nov 16, 2024",684,949,,,,3.4927535,1413,true,chart:MEDICAL/TOP_FREE,false,false,2026-10-01T11:14:12.178Z,2026-10-01_1790852962
2026-10-01,com.davaindia,davaindia GENERIC PHARMACY,davaindia,Medical,579780,"Jan 21, 2025",618,938,,,,4.1769233,2539,true,chart:MEDICAL/TOP_FREE,false,false,2026-10-01T11:14:07.135Z,2026-10-01_1790852962
2026-10-01,com.zenohealth.android,Zeno Health,Workcell Solutions Pvt. Ltd.,Medical,1947497,"Jan 24, 2021",2076,938,,,,4.1892524,8583,true,chart:MEDICAL/TOP_FREE,false,false,2026-10-01T11:15:50.973Z,2026-10-01_1790852962
2026-10-01,com.hh.healthhub,JioHealthHub,Jio Platforms Limited,Medical,3190382,"Mar 21, 2017",3481,917,,,,4.0023623,12690,true,chart:MEDICAL/TOP_FREE,false,false,2026-10-01T11:15:49.989Z,2026-10-01_1790852962
2026-10-01,com.app.maxlab,Max Lab - Blood Test,MAX LAB LIMITED,Medical,507218,"Mar 24, 2025",556,912,,,,4.0755396,2709,true,chart:MEDICAL/TOP_FREE,false,false,2026-10-01T11:14:05.075Z,2026-10-01_1790852962
2026-10-01,com.healthe.app,Health-e ABHA PHR Health Lockr,Your Family’s Personal Health Assistant & Lab Test,Medical,1303547,"Oct 31, 2022",1431,911,,,,4.850711,16951,true,chart:MEDICAL/TOP_FREE,false,false,2026-10-01T11:14:26.095Z,2026-10-01_1790852962
2026-10-01,com.wyh.happyyou,HappyYou by Kotak Life,Kotak Mahindra Life Insurance Company Limited,Health & Fitness,1102145,"May 15, 2023",1235,892,,,,4.459384,3345,true,chart:HEALTH_AND_FITNESS/TOP_FREE,true,false,2026-10-01T11:10:14.679Z,2026-10-01_1790852962
2026-10-01,meal.planner,Meal Planner & Macro Tracker,youmealplan.com,Food & Drink,1018388,"Aug 12, 2023",1146,889,,,,4.522472,20057,true,search:diet plan,false,false,2026-10-01T11:18:30.287Z,2026-10-01_1790852962
2026-10-01,com.iwldbyricha,Indian Weight Loss Diet,Snatch Education (OPC)Private Limited,Health & Fitness,1019942,"Jul 22, 2023",1167,874,,,,4.5617647,3791,true,search:weight loss hindi,false,false,2026-10-01T11:22:06.035Z,2026-10-01_1790852962
2026-10-01,ai.fractal.vaidya,Vaidya AI,Fractal Analytics Inc,Health & Fitness,192726,"Feb 22, 2026",221,872,,,,3.77,211,true,chart:HEALTH_AND_FITNESS/TOP_FREE,true,false,2026-10-01T11:10:40.545Z,2026-10-01_1790852962
2026-10-01,in.gov.pmbjp,Jan Aushadhi Sugam (PMBI),Pharmaceuticals & Medical Devices Bureau of India,Medical,2257462,"Aug 19, 2019",2600,868,,,,3.2486188,9048,true,chart:MEDICAL/TOP_FREE,false,false,2026-10-01T11:14:11.182Z,2026-10-01_1790852962
2026-10-01,com.shtpl.sastasundar,SastaSundar - Online Pharmacy,SastaSundar,Medical,601791,"Nov 6, 2024",694,867,,,,4.004673,2137,true,chart:MEDICAL/TOP_FREE,false,false,2026-10-01T11:14:14.207Z,2026-10-01_1790852962
2026-10-01,com.drugscom.app,Drugs.com Medication Guide,Drugs.com,Medical,4276227,"Feb 24, 2013",4967,861,,,,4.4689655,37657,true,chart:MEDICAL/TOP_FREE,false,false,2026-10-01T11:16:27.632Z,2026-10-01_1790852962
2026-10-01,com.rcmworld.health,RCM Health,Nordem Technologies Pvt Ltd,Health & Fitness,157899,"Mar 31, 2026",184,858,,,,4.8235292,772,true,chart:HEALTH_AND_FITNESS/TOP_FREE,false,false,2026-10-01T11:12:15.742Z,2026-10-01_1790852962
2026-10-01,com.outthinking.weightgainexercise,Gain Weight App: Diet Exercise,OHealthApps Studio,Health & Fitness,2516917,"Sep 5, 2018",2948,854,,,,4.412371,9324,true,search:weight gain,false,false,2026-10-01T11:22:37.732Z,2026-10-01_1790852962
2026-10-01,com.work.home.workout,Home Workout without equipment,J.R. DREAMS,Health & Fitness,334737,"Sep 3, 2025",393,852,,,,4.39,380,true,chart:HEALTH_AND_FITNESS/TOP_FREE,false,false,2026-10-01T11:11:51.694Z,2026-10-01_1790852962
2026-10-01,app.innerbhakti.com,InnerBhakti - Shiv se Shanti,InnerBhakti,Health & Fitness,546719,"Dec 23, 2024",647,845,,,,4.907317,2055,true,chart:HEALTH_AND_FITNESS/TOP_FREE,false,false,2026-10-01T11:12:01.689Z,2026-10-01_1790852962
2026-10-01,com.jmm.ipassion,iPassion Intimate Couple Games,Macro Tap,Casual,3448461,"Jul 13, 2015",4098,841,,,,3.5544555,25867,true,search:sexual wellness,false,false,2026-10-01T11:22:29.816Z,2026-10-01_1790852962
2026-10-01,com.argusoft.medplat.uphealth.android.app,eKavach,State Health Society of Uttar Pradesh,Medical,787909,"Feb 19, 2024",955,825,,,,3.99002,4979,true,chart:MEDICAL/TOP_FREE,false,false,2026-10-01T11:14:55.894Z,2026-10-01_1790852962
2026-10-01,com.medantapatient.app,Medanta,Medanta,Medical,358666,"Jul 21, 2025",437,821,,,,4.14,548,true,chart:MEDICAL/TOP_FREE,false,false,2026-10-01T11:14:18.195Z,2026-10-01_1790852962
2026-10-01,com.a3d4medical.completeanatomy,Complete Anatomy - Learn in 3D,3D4Medical from Elsevier,Medical,2481817,"Jun 19, 2018",3026,820,,,,4.1405406,11020,true,chart:MEDICAL/TOP_FREE,false,false,2026-10-01T11:15:31.701Z,2026-10-01_1790852962
2026-10-01,com.sourceinfosys.echsbenappv2,ECHS Beneficiaries App,SOURCE DOT COM PRIVATE LIMITED,Medical,975836,"Jun 20, 2023",1199,814,,,,3.8141594,5595,true,chart:MEDICAL/TOP_FREE,false,false,2026-10-01T11:14:35.145Z,2026-10-01_1790852962
2026-10-01,com.techmash.playo,Playo: Sports Community App,playo,Health & Fitness,3386511,"Apr 21, 2015",4181,810,,,,4.7548304,56166,true,chart:HEALTH_AND_FITNESS/TOP_FREE,true,false,2026-10-01T11:11:19.544Z,2026-10-01_1790852962
2026-10-01,com.thestepupapp.stepup,StepUp Pedometer Step Counter,StepUp Inc,Health & Fitness,3190405,"Nov 28, 2015",3960,806,,,,4.710037,53427,true,chart:HEALTH_AND_FITNESS/TOP_FREE,false,false,2026-10-01T11:12:17.751Z,2026-10-01_1790852962
2026-10-01,build.designand.riselife,Life Reset: 66 Day Habit,Design and Build,Health & Fitness,573011,"Oct 1, 2024",730,785,,,,4.669725,9690,true,chart:HEALTH_AND_FITNESS/TOP_FREE,false,false,2026-10-01T11:11:50.686Z,2026-10-01_1790852962
2026-10-01,com.applotictech.flexaura,Flex Aura - AI Fitness App,APPLOTIC TECHNOLOGIES PRIVATE LIMITED,Health & Fitness,282412,"Sep 30, 2025",366,772,,,,4.49,793,true,chart:HEALTH_AND_FITNESS/TOP_FREE,false,false,2026-10-01T11:12:20.048Z,2026-10-01_1790852962
2026-10-01,com.nihilent.nsepia,nSEPIA: Emotions. In Balance.,Nihilent Limited,Health & Fitness,29790,"Aug 23, 2026",39,764,,,,4.4257426,112,true,chart:HEALTH_AND_FITNESS/TOP_FREE,false,false,2026-10-01T11:11:35.543Z,2026-10-01_1790852962
2026-10-01,com.yog4lyf.beginneryoga,Yog4Lyf: PCOD & Fertility Yoga,Intellibloom Technologies Pvt Ltd,Health & Fitness,1565832,"Feb 17, 2021",2052,763,,,,4.5717883,4028,true,chart:HEALTH_AND_FITNESS/TOP_FREE,false,false,2026-10-01T11:11:53.761Z,2026-10-01_1790852962
2026-10-01,com.minerva_medical.minerva,Full Code Medical Simulation,Full Code Medical Inc.,Medical,2251954,"Aug 9, 2018",2975,757,,,,3.96,7507,true,chart:MEDICAL/TOP_FREE,false,false,2026-10-01T11:14:46.077Z,2026-10-01_1790852962
2026-10-01,com.comet.fitself.android,Fitself - Fitness & Fasting,Fitself,Health & Fitness,664488,"May 1, 2024",883,753,,,,4.318182,17977,true,chart:HEALTH_AND_FITNESS/GROSSING,false,false,2026-10-01T11:13:37.201Z,2026-10-01_1790852962
2026-10-01,com.lexi.android,Uptodate Lexidrug,Wolters Kluwer Health UpToDate,Medical,4437152,"Apr 7, 2010",6021,737,,,,3.6435645,4038,true,chart:MEDICAL/TOP_FREE,false,false,2026-10-01T11:15:30.708Z,2026-10-01_1790852962
2026-10-01,increase.height.workout.app,increase height workout,Carleone Works,Health & Fitness,1239479,"Feb 17, 2022",1687,735,,,,3.6893203,2142,true,chart:HEALTH_AND_FITNESS/TOP_FREE,false,false,2026-10-01T11:12:31.946Z,2026-10-01_1790852962
2026-10-01,com.msd.professional,MSD Manual Professional,Merck Sharp & Dohme LLC,Medical,2758198,"Jun 13, 2016",3762,733,,,,4.19,8413,true,chart:MEDICAL/TOP_FREE,false,false,2026-10-01T11:15:41.183Z,2026-10-01_1790852962
2026-10-01,com.jdeanzhealthtech.aarogyaone,AarogyaOne ABHA PHR,Jdeanz Healthtech Private Limited,Medical,726742,"Jan 12, 2024",993,732,,,,4.401323,18068,true,chart:MEDICAL/TOP_FREE,false,false,2026-10-01T11:14:24.120Z,2026-10-01_1790852962
2026-10-01,com.ashleymadison.mobile,Ashley Madison,Ruby Life Inc.,Dating,4191873,"Jan 28, 2011",5725,732,,,,2.32,21164,true,search:sexual wellness,false,false,2026-10-01T11:22:31.795Z,2026-10-01_1790852962
2026-10-01,com.workoutapps.get.weight.workout,Weight Gain: 30 Days Diet Plan,One Music Player,Health & Fitness,2151145,"Sep 14, 2018",2939,732,,,,4.5196853,2721,true,search:weight gain,false,false,2026-10-01T11:22:36.737Z,2026-10-01_1790852962
2026-10-01,com.pristyncare.patientapp,Pristyn Care- Healthcare App,"Pristyn Care -Doctor Consult, ABHA, CoWin, Vaccine",Medical,1665865,"Jun 13, 2020",2301,724,,,,4.295754,27304,true,chart:MEDICAL/TOP_FREE,false,false,2026-10-01T11:15:21.779Z,2026-10-01_1790852962
2026-10-01,com.hssn.anatomy3dlite,3D Bones and Organs (Anatomy),Education Mobile,Medical,3374117,"Sep 2, 2013",4777,706,,,,4.601983,24445,true,chart:MEDICAL/TOP_FREE,false,false,2026-10-01T11:15:59.875Z,2026-10-01_1790852962
2026-10-01,com.healint.migraineapp,Migraine Buddy: Track Headache,Aptar Digital Health,Medical,3154934,"Jul 8, 2014",4468,706,,,,4.831683,67071,true,chart:MEDICAL/GROSSING,false,false,2026-10-01T11:17:14.777Z,2026-10-01_1790852962
2026-10-01,com.marrow,MARROW - for NEET PG & NExT,Neuroglia Health,Medical,2383193,"Apr 14, 2017",3457,689,,,,4.694818,71088,true,chart:MEDICAL/TOP_FREE,false,false,2026-10-01T11:14:10.191Z,2026-10-01_1790852962
2026-10-01,com.eatthismuch,Eat This Much - Meal Planner,"Eat This Much, Inc.",Health & Fitness,2631129,"Apr 6, 2016",3830,687,,,,3.6,10503,true,search:diet plan,false,false,2026-10-01T11:18:26.334Z,2026-10-01_1790852962
2026-10-01,com.uwinapp.sit,U-WIN Vaccinator,CHI-MoHFW,Health & Fitness,789982,"Aug 4, 2023",1154,685,,,,3.2928176,1804,true,chart:HEALTH_AND_FITNESS/TOP_FREE,false,false,2026-10-01T11:12:53.771Z,2026-10-01_1790852962
2026-10-01,goodbite.macro.calorie.counter.diet.weight.loss.lose.weight.fasting.cal.ai,Goodbite: AI Calorie Counter,Kappa Yazilim Anonim Sirketi,Health & Fitness,361448,"Apr 19, 2025",530,682,,,,4.2769785,5833,true,chart:HEALTH_AND_FITNESS/GROSSING,false,false,2026-10-01T11:13:36.171Z,2026-10-01_1790852962
2026-10-01,com.bellabeat.cacao,IVY Wellness Coach,Bellabeat Inc.,Health & Fitness,2788684,"Jul 10, 2015",4101,680,,,,3.2475247,3793,true,search:health coach hindi,false,false,2026-10-01T11:21:56.095Z,2026-10-01_1790852962
2026-10-01,org.cphc.ncd.anm,National NCD App,CHI-MoHFW,Health & Fitness,1383044,"Feb 12, 2021",2057,672,,,,3.3607748,4119,true,chart:HEALTH_AND_FITNESS/TOP_FREE,false,false,2026-10-01T11:12:14.685Z,2026-10-01_1790852962
2026-10-01,gov.rajasthan.rghsapp,RGHS Connect,OfficialRGHS,Medical,803324,"Jun 15, 2023",1204,667,,,,4.07947,1488,true,chart:MEDICAL/TOP_FREE,false,false,2026-10-01T11:14:40.167Z,2026-10-01_1790852962
2026-10-01,com.healtharx.beato,BeatO: Diabetes Care App,BeatO,Health & Fitness,2640015,"Oct 28, 2015",3991,661,,,,4.65807,45970,true,search:diabetes care,true,true,2026-10-01T11:20:51.436Z,2026-10-01_1790852962
2026-10-01,com.jio_vio.aravind.aravind_eye_care,Dhrishti,AUROITECH,Health & Fitness,721457,"Sep 29, 2023",1098,657,,,,4.12,333,true,chart:HEALTH_AND_FITNESS/TOP_FREE,true,false,2026-10-01T11:11:05.050Z,2026-10-01_1790852962
2026-10-01,com.brc.PeriodTrackerDiary,Period Tracker & Ovulation,Living Better,Health & Fitness,2564061,"Nov 29, 2015",3959,648,,,,4.84,37907,true,search:period tracker,false,false,2026-10-01T11:21:23.215Z,2026-10-01_1790852962
2026-10-01,com.titan.smartworld,Titan Smart World,Titan Company Limited,Health & Fitness,959790,"Sep 8, 2022",1484,647,,,,4.808093,16385,true,chart:HEALTH_AND_FITNESS/TOP_FREE,false,false,2026-10-01T11:12:03.770Z,2026-10-01_1790852962
2026-10-01,com.selantoapps.bodydiary,Body Measurement & Weight Loss,"Selanto Apps - BMI, Body & Weight Trackers",Health & Fitness,1383135,"Oct 5, 2020",2187,632,,,,4.24,12881,true,search:weight loss,false,false,2026-10-01T11:18:19.353Z,2026-10-01_1790852962
2026-10-01,com.h2sync.android.h2syncapp,Health2Sync - Diabetes Tracker,H2 Inc.,Medical,2290700,"May 3, 2016",3803,602,,,,4.464286,20637,true,chart:MEDICAL/GROSSING,false,false,2026-10-01T11:17:33.633Z,2026-10-01_1790852962
2026-10-01,com.bestsleeptrack.clockapp,BestSleep:Snore Tracker App,lJX.Studio,Health & Fitness,601199,"Dec 27, 2023",1009,596,,,,4.0749354,16478,true,chart:HEALTH_AND_FITNESS/GROSSING,false,false,2026-10-01T11:13:12.242Z,2026-10-01_1790852962
2026-10-01,com.vijayadiagnostic.app,Vijaya Diagnostic Book a Test,Vijaya Diagnostic Centre,Medical,757619,"Apr 8, 2023",1272,596,,,,3.16,745,true,chart:MEDICAL/TOP_FREE,false,false,2026-10-01T11:14:42.148Z,2026-10-01_1790852962
2026-10-01,com.mdaware.mdcalc,MDCalc Medical Calculator,"MD Aware, LLC",Medical,2049135,"Apr 15, 2017",3456,593,,,,4.8323355,19026,true,chart:MEDICAL/TOP_FREE,false,false,2026-10-01T11:16:09.727Z,2026-10-01_1790852962
2026-10-01,com.myupchar.user,myUpchar - Digital Hospital,myUpchar - Doctorvahini Pvt Ltd,Medical,1617172,"Feb 12, 2019",2788,580,,,,3.9767442,12481,true,chart:MEDICAL/TOP_FREE,false,false,2026-10-01T11:16:36.756Z,2026-10-01_1790852962
2026-10-01,com.sugarcontrol.health.tracker.smart.life,BP Tracker & Glucose Monitor,MomenHaz998,Health & Fitness,85507,"May 6, 2026",148,578,,,,3.631579,46,true,chart:HEALTH_AND_FITNESS/TOP_FREE,false,false,2026-10-01T11:11:28.592Z,2026-10-01_1790852962
2026-10-01,level.game,Swa:aha - Meditation & Yoga,Level Fittech Private Limited,Health & Fitness,915390,"Apr 20, 2022",1625,563,,,,4.5897584,18535,true,chart:HEALTH_AND_FITNESS/GROSSING,false,false,2026-10-01T11:13:25.150Z,2026-10-01_1790852962
2026-10-01,com.uptodate.android,UpToDate,Wolters Kluwer Health UpToDate,Medical,2899315,"May 9, 2012",5258,551,,,,3.512195,11410,true,chart:MEDICAL/TOP_FREE,false,false,2026-10-01T11:16:46.624Z,2026-10-01_1790852962
2026-10-01,com.tai.chi.walking.app,Tai Chi Walking App,Wallet Passes Alliance,Health & Fitness,154784,"Dec 22, 2025",283,547,,,,4.592233,5354,true,chart:HEALTH_AND_FITNESS/GROSSING,false,false,2026-10-01T11:13:26.122Z,2026-10-01_1790852962
2026-10-01,com.atomengineapps.teachmeanatomy,Teach Me Anatomy,TeachMeSeries Ltd,Medical,2103949,"Mar 23, 2016",3844,547,,,,4.5850253,31727,true,chart:MEDICAL/TOP_FREE,false,false,2026-10-01T11:14:45.086Z,2026-10-01_1790852962
2026-10-01,hearingaid.app,Hear Clear: Hear from Distance,Bizcraft Apps,Medical,950997,"Dec 27, 2021",1739,547,,,,3.96,21113,true,chart:MEDICAL/GROSSING,false,false,2026-10-01T11:17:38.653Z,2026-10-01_1790852962
2026-10-01,com.ceragem.well.life,Ceragem Well Life,Ceragem India Pvt. Ltd.,Health & Fitness,358315,"Dec 9, 2024",661,542,,,,4.3786407,673,true,chart:HEALTH_AND_FITNESS/TOP_FREE,false,false,2026-10-01T11:12:29.943Z,2026-10-01_1790852962
2026-10-01,org.rntcp.nikshay,Ni-kshay,National TB Elimination Program (NTEP),Medical,1580310,"Sep 23, 2018",2930,539,,,,4.229566,33781,true,chart:MEDICAL/TOP_FREE,false,false,2026-10-01T11:14:44.080Z,2026-10-01_1790852962
2026-10-01,com.fitelo.android,Fitelo: Weight Loss & Diet App,NG Fitness & Nutrition (I) Pvt. Ltd. (Weight loss),Health & Fitness,1737973,"Nov 7, 2017",3250,535,,,,4.444728,12530,true,chart:HEALTH_AND_FITNESS/TOP_FREE,true,true,2026-10-01T11:12:10.738Z,2026-10-01_1790852962
2026-10-01,bloodsugar.diabetes.healthsense.pressuretraker,Blood Sugar & Health Tracker,Ariel Phoebe,Health & Fitness,271529,"May 8, 2025",511,531,,,,3.04,226,true,chart:HEALTH_AND_FITNESS/TOP_FREE,false,false,2026-10-01T11:12:45.793Z,2026-10-01_1790852962
2026-10-01,com.maxhealthcare,Max MyHealth -by Max Hospitals,Max Healthcare,Medical,2360988,"Jul 28, 2014",4448,531,,,,4.4035673,9185,true,chart:MEDICAL/TOP_FREE,false,false,2026-10-01T11:14:06.102Z,2026-10-01_1790852962
2026-10-01,in.orangehealth.patient,Orange Health Lab Test At Home,Orange Health Labs: Blood test at home in 60 mins.,Medical,1154830,"Oct 12, 2020",2180,530,,,,4.8231993,10529,true,chart:MEDICAL/TOP_FREE,false,false,2026-10-01T11:14:22.122Z,2026-10-01_1790852962
2026-10-01,com.thebodycoach,The Body Coach: Workout Plans,The Body Coach,Health & Fitness,925758,"Dec 8, 2021",1758,527,,,,3.46,8400,true,search:health coach hindi,false,false,2026-10-01T11:21:45.967Z,2026-10-01_1790852962
2026-10-01,com.toothsi,toothsi | skinnsi is now MakeO,makeO,Medical,1039925,"Mar 5, 2021",2036,511,,,,4.0956073,11599,true,chart:MEDICAL/TOP_FREE,false,false,2026-10-01T11:15:12.850Z,2026-10-01_1790852962
2026-10-01,dk.resound.smart3d,ReSound Smart 3D,GN Resound,Medical,1756774,"Apr 28, 2017",3443,510,,,,4.5621624,48104,true,chart:MEDICAL/TOP_FREE,false,false,2026-10-01T11:16:32.750Z,2026-10-01_1790852962
2026-10-01,com.ornament.monitor,Ornament: Your Health Coach,Ornament Health AG,Health & Fitness,1310078,"Aug 7, 2019",2612,502,,,,2.8064516,3767,true,search:health coach hindi,false,false,2026-10-01T11:21:49.072Z,2026-10-01_1790852962
2026-10-01,com.healthezy,EasyHealths,Digital Healthcare Platform,Medical,364865,"Sep 21, 2024",740,493,,,,4.3625,2352,true,chart:MEDICAL/TOP_FREE,false,false,2026-10-01T11:14:04.093Z,2026-10-01_1790852962
2026-10-01,com.boat.smartwear,boAt SmartWear,Imagine Marketing Limited,Health & Fitness,576058,"Jul 3, 2023",1186,486,,,,3.85,441,true,chart:HEALTH_AND_FITNESS/TOP_FREE,false,false,2026-10-01T11:12:08.766Z,2026-10-01_1790852962
2026-10-01,com.urbandroid.ddc,Digital Detox: Focus & Live,Petr Nálevka (Urbandroid),Health & Fitness,1973615,"Aug 11, 2015",4069,485,,,,4.618964,44353,true,chart:HEALTH_AND_FITNESS/GROSSING,false,false,2026-10-01T11:13:42.205Z,2026-10-01_1790852962
2026-10-01,com.foodpharmerthinkerss.onlywhatsneeded,Only Whats Needed,Food Pharmer Thinkerss Pvt. Ltd.,Health & Fitness,67441,"May 13, 2026",141,478,,,,3.9019608,194,true,chart:HEALTH_AND_FITNESS/TOP_FREE,false,false,2026-10-01T11:12:13.691Z,2026-10-01_1790852962
2026-10-01,com.apirox.sleeprecorder,Noxogy Sleep Tracker & Snore,"Apirox, s.r.o.",Medical,582421,"May 24, 2023",1226,475,,,,4.4262295,7868,true,chart:MEDICAL/GROSSING,false,false,2026-10-01T11:17:18.782Z,2026-10-01_1790852962
2026-10-01,com.mfa.main.app,Mixed Fitness Arts,Mixed Fitness Arts Ltd,Health & Fitness,172436,"Sep 29, 2025",367,470,,,,3.95,230,true,chart:HEALTH_AND_FITNESS/TOP_FREE,false,false,2026-10-01T11:12:54.773Z,2026-10-01_1790852962
2026-10-01,com.getvisitapp.android,Visit-Health Benefits Platform,Visit Health Private Limited,Medical,1811447,"Jan 31, 2016",3896,465,,,,4.4463696,45778,true,chart:MEDICAL/TOP_FREE,false,false,2026-10-01T11:14:20.142Z,2026-10-01_1790852962
2026-10-01,com.saya.services,SayaCare: Tested Medicines,Tested Generic Aggregator,Medical,1059317,"Jun 17, 2020",2297,461,,,,4.6050158,15964,true,chart:MEDICAL/TOP_FREE,false,false,2026-10-01T11:15:33.646Z,2026-10-01_1790852962
2026-10-01,com.aidermatologist,AI Dermatologist: Skin Scanner,Acina,Health & Fitness,982251,"Nov 25, 2020",2136,460,,,,3.78,9517,true,search:skin doctor,false,false,2026-10-01T11:19:21.901Z,2026-10-01_1790852962
2026-10-01,com.gritzo,Gritzo,Brightlifecare,Health & Fitness,460914,"Dec 31, 2023",1005,459,,,,4.5966115,24287,true,chart:HEALTH_AND_FITNESS/TOP_FREE,false,false,2026-10-01T11:12:23.932Z,2026-10-01_1790852962
2026-10-01,com.jai.app,JAI Respi,Lupin India,Medical,71144,"Apr 29, 2026",155,459,,,,4.1698112,53,true,chart:MEDICAL/TOP_FREE,false,false,2026-10-01T11:14:29.093Z,2026-10-01_1790852962
2026-10-01,com.krsnaa.diagnostics,Krsnaa,Krsnaa Diagnostics,Health & Fitness,204741,"Jul 9, 2025",449,456,,,,3.63,217,true,chart:HEALTH_AND_FITNESS/TOP_FREE,false,false,2026-10-01T11:11:45.796Z,2026-10-01_1790852962
2026-10-01,com.neubergdiagnostics,Neuberg Diagnostics (India),Neuberg Diagnostics Pvt Ltd,Medical,839208,"Sep 14, 2021",1843,455,,,,4.2807746,7212,true,chart:MEDICAL/TOP_FREE,false,false,2026-10-01T11:13:59.056Z,2026-10-01_1790852962
2026-10-01,com.ai.hearing.volume.booster,Volume Booster Bass Booster EQ,Best Translate LLC,Medical,234858,"Apr 29, 2025",520,452,,,,4.1282053,1529,true,chart:MEDICAL/GROSSING,false,false,2026-10-01T11:17:11.767Z,2026-10-01_1790852962
2026-10-01,xyz.rtrvr.pillo,Pillo: Pill Reminder & Alarm,Pillo Health Inc.,Medical,660125,"Sep 17, 2022",1475,448,,,,4.88,20055,true,chart:MEDICAL/GROSSING,false,false,2026-10-01T11:17:27.684Z,2026-10-01_1790852962
2026-10-01,com.phonegap.whichderm,Model Dermatol – Skin Disease,Iderma,Medical,934374,"Jan 11, 2021",2089,447,,,,4.0108695,5895,true,search:skin doctor,false,false,2026-10-01T11:19:40.068Z,2026-10-01_1790852962
2026-10-01,com.anatomyka.android,Anatomyka - 3D Anatomy Atlas,Woodoo Art s.r.o.,Medical,1259559,"Dec 9, 2018",2853,441,,,,4.44,13381,true,chart:MEDICAL/GROSSING,false,false,2026-10-01T11:17:22.720Z,2026-10-01_1790852962
2026-10-01,calorie.counter.lose.weight.track,Omo: Healthy Weight Loss App,WELLTECH APPS LIMITED,Health & Fitness,931459,"Nov 13, 2020",2148,434,,,,3.8,31220,true,search:weight loss,false,false,2026-10-01T11:18:24.277Z,2026-10-01_1790852962
2026-10-01,com.cdac.tamilnadu,eNalam,National Health Mission Tamilnadu,Health & Fitness,417616,"Feb 8, 2024",966,432,,,,4.3168316,872,true,chart:HEALTH_AND_FITNESS/TOP_FREE,true,false,2026-10-01T11:11:20.499Z,2026-10-01_1790852962
2026-10-01,com.it4you.petralex,Hearing Aid APP:PETRALEX 4 EAR,Algorithm electronics,Medical,1956249,"Apr 1, 2014",4566,428,,,,4.35,16264,true,chart:MEDICAL/GROSSING,false,false,2026-10-01T11:17:44.695Z,2026-10-01_1790852962
2026-10-01,com.manipal.manipallifeson,Manipal Hospitals,Manipal Hospital,Medical,361774,"May 27, 2024",857,422,,,,4.5555553,1159,true,chart:MEDICAL/TOP_FREE,false,false,2026-10-01T11:14:38.127Z,2026-10-01_1790852962
2026-10-01,weightgainapp.weightgainappforwomen.womengainweight,Weight Gain App for Women,PulseApps LLC,Health & Fitness,612078,"Oct 13, 2022",1449,422,,,,4.316348,8077,true,search:weight gain,false,false,2026-10-01T11:22:35.744Z,2026-10-01_1790852962
2026-10-01,com.cdac.aiimsgorakhpur,AIIMS Gorakhpur e-Aarogya,CDAC Noida,Medical,891558,"Dec 8, 2020",2123,420,,,,3.0471015,2762,true,chart:MEDICAL/TOP_FREE,false,false,2026-10-01T11:14:41.150Z,2026-10-01_1790852962
2026-10-01,com.conbun.user,Conbun: Vet Consultation App,CONBUN SERVICES PRIVATE LIMITED,Medical,276123,"Dec 11, 2024",659,419,,,,4.7456646,1727,true,chart:MEDICAL/TOP_FREE,false,false,2026-10-01T11:15:09.867Z,2026-10-01_1790852962
2026-10-01,com.biodigitalhuman.humanAndroid,BioDigital Human - 3D Anatomy,BioDigital,Medical,1817036,"Oct 14, 2014",4370,416,,,,3.65,6327,true,chart:MEDICAL/TOP_FREE,false,false,2026-10-01T11:15:54.908Z,2026-10-01_1790852962
2026-10-01,com.skinive.App,AI Skin Scanner & Mole Checker,Skinive B.V.,Medical,633122,"Jul 16, 2022",1538,412,,,,3.3950617,1923,true,search:skin doctor,false,false,2026-10-01T11:19:27.091Z,2026-10-01_1790852962
2026-10-01,ae.damanhealth.daman,Daman,Daman Insurance,Medical,1556416,"Feb 29, 2016",3867,402,,,,3.95,17974,true,chart:MEDICAL/TOP_FREE,false,false,2026-10-01T11:16:43.655Z,2026-10-01_1790852962
2026-10-01,com.powerwalk.daily.steptracker,Power Walk– Daily Step Tracker,shyam enterprises LLC,Health & Fitness,41590,"Jun 19, 2026",104,400,,,,4.4671054,1378,true,chart:HEALTH_AND_FITNESS/TOP_FREE,false,false,2026-10-01T11:11:48.769Z,2026-10-01_1790852962
2026-10-01,com.vhc.vidalhealth,Vidal Health,Vidal Healthcare Services Pvt Ltd.,Medical,1167872,"Aug 24, 2018",2960,395,,,,4.3906593,18051,true,chart:MEDICAL/TOP_FREE,false,false,2026-10-01T11:14:37.141Z,2026-10-01_1790852962
2026-10-01,com.vetic.vetic,Vetic - Pet Clinic & Grooming,PETPAI TECHNOLOGIES PRIVATE LIMITED,Medical,562839,"Oct 29, 2022",1433,393,,,,4.5422993,4600,true,chart:MEDICAL/TOP_FREE,false,false,2026-10-01T11:14:39.151Z,2026-10-01_1790852962
2026-10-01,com.brainfm.app,Music for Focus by Brain.fm,Brain.fm,Health & Fitness,1271606,"Oct 22, 2017",3266,389,,,,4.09,8255,true,chart:HEALTH_AND_FITNESS/GROSSING,false,false,2026-10-01T11:13:38.174Z,2026-10-01_1790852962
2026-10-01,in.doctorc.doctorc_android,DoctorC,Simplify Wellness,Medical,1632160,"Apr 7, 2015",4195,389,,,,4.418078,45617,true,chart:MEDICAL/TOP_FREE,false,false,2026-10-01T11:14:09.188Z,2026-10-01_1790852962
2026-10-01,com.ellisapps.itrackbitesplus,"Healthi: Weight Loss, Diet App",Sunshine Health Studios,Health & Fitness,1511286,"Feb 14, 2016",3882,389,,,,3.2857144,9300,true,search:weight loss,false,false,2026-10-01T11:18:21.337Z,2026-10-01_1790852962
2026-10-01,com.hivolt.bloodsugar,Blood Sugar - Diabetic Checker,Hi Volt Apps,Medical,333590,"May 24, 2024",860,388,,,,3.920792,1438,true,chart:MEDICAL/TOP_FREE,false,false,2026-10-01T11:15:49.031Z,2026-10-01_1790852962
2026-10-01,ai.medmitra.app,MedMitra AI,MEDMITRA AI TECHNOLOGIES PRIVATE LIMITED,Medical,31245,"Jul 11, 2026",82,381,,,,4.8653846,123,true,chart:MEDICAL/TOP_FREE,false,false,2026-10-01T11:14:19.181Z,2026-10-01_1790852962
2026-10-01,com.innowise.pathology3d,VOKA 3D Anatomy and Physiology,Factory of innovations and solutions LLC,Medical,781557,"Feb 19, 2021",2050,381,,,,4.71,3602,true,chart:MEDICAL/TOP_FREE,false,false,2026-10-01T11:16:35.735Z,2026-10-01_1790852962
2026-10-01,com.whoop.android,WHOOP,WHOOP,Health & Fitness,1256052,"Aug 25, 2017",3324,378,,,,4.792308,29722,true,search:health coach hindi,false,false,2026-10-01T11:22:00.013Z,2026-10-01_1790852962
2026-10-01,com.imaios.imaiosdicomviewer,IDV - IMAIOS DICOM Viewer,IMAIOS SAS,Medical,914605,"Jan 29, 2020",2437,375,,,,4.0495048,1765,true,chart:MEDICAL/TOP_FREE,false,false,2026-10-01T11:16:41.707Z,2026-10-01_1790852962
2026-10-01,com.zjw.noisefitsync,NoiseFit Sync,Noise,Health & Fitness,616531,"Mar 21, 2022",1655,373,,,,3.1857142,1398,true,chart:HEALTH_AND_FITNESS/TOP_FREE,false,false,2026-10-01T11:12:37.958Z,2026-10-01_1790852962
2026-10-01,com.hkvitals,hk vitals,Brightlifecare,Health & Fitness,435265,"Jul 23, 2023",1166,373,,,,4.5550337,14910,true,chart:HEALTH_AND_FITNESS/TOP_FREE,false,false,2026-10-01T11:12:48.747Z,2026-10-01_1790852962
2026-10-01,com.oasissaarathi.prod.app,Oasis Saarathi,Sadguru Healthcare Services Pvt. Ltd.,Medical,101683,"Dec 31, 2025",274,371,,,,4.26,125,true,chart:MEDICAL/TOP_FREE,false,false,2026-10-01T11:14:23.115Z,2026-10-01_1790852962
2026-10-01,com.stemzhealthcare.qmc_app,QMC,Qatar Medical Center,Medical,353000,"Feb 21, 2024",953,370,,,,4.1,672,true,chart:MEDICAL/TOP_FREE,false,false,2026-10-01T11:15:18.757Z,2026-10-01_1790852962
2026-10-01,com.madgun.indiagmdietweightloss7days,Indian GM Weight Loss Diet BMI,MadGun,Health & Fitness,1382659,"Apr 4, 2016",3832,361,,,,4.511327,17672,true,search:diet plan,false,false,2026-10-01T11:18:38.248Z,2026-10-01_1790852962
2026-10-01,com.feverdiary.bodytemperaturetracker,Body Temperature Fever Thermo,Leap Power Apps,Medical,450496,"Apr 24, 2023",1256,359,,,,3.8,861,true,chart:MEDICAL/TOP_FREE,false,false,2026-10-01T11:16:12.733Z,2026-10-01_1790852962
2026-10-01,com.microphone.soundmagnifier,Super Hearing from Distance,DOSA Apps,Medical,790189,"Jul 31, 2020",2253,351,,,,4.831683,13484,true,chart:MEDICAL/GROSSING,false,false,2026-10-01T11:17:42.666Z,2026-10-01_1790852962
2026-10-01,com.mypregnancyuss.myapp,Ultrasound pregnancy guide,Pentalon technologies,Medical,850875,"Feb 2, 2020",2433,350,,,,3.34,737,true,chart:MEDICAL/TOP_FREE,false,false,2026-10-01T11:16:18.704Z,2026-10-01_1790852962
2026-10-01,in.medbuzz.android,Medbuzz - Generic Medicine App,MEDBUZZ ONLINE,Medical,799348,"Jun 15, 2020",2299,348,,,,4.5,2170,true,chart:MEDICAL/TOP_FREE,false,false,2026-10-01T11:14:59.865Z,2026-10-01_1790852962
2026-10-01,de.sanitas_online.healthcoach,Sanitas HealthCoach,Hans Dinslage GmbH,Health & Fitness,1446524,"Apr 27, 2015",4175,346,,,,4.142857,36981,true,search:AI health coach,false,false,2026-10-01T11:18:45.263Z,2026-10-01_1790852962
2026-10-01,com.peakday,PeakDay Fertility Tracker,Fertility Science Institute,Health & Fitness,452967,"Feb 21, 2023",1318,344,,,,3.3267326,646,true,chart:HEALTH_AND_FITNESS/TOP_FREE,false,false,2026-10-01T11:12:28.933Z,2026-10-01_1790852962
2026-10-01,com.nurecausa.drtrustscaleconnect,DrTrust 360 - Health Companion,"Nureca Inc (Dr Trust, Dr Physio, Trumom)",Health & Fitness,869374,"Oct 15, 2019",2543,342,,,,4.464191,7590,true,search:health coach hindi,false,false,2026-10-01T11:22:04.009Z,2026-10-01_1790852962
2026-10-01,com.qompium.fibricheck,FibriCheck,Qompium nv,Medical,1236495,"Aug 23, 2016",3691,335,,,,3.83,7243,true,chart:MEDICAL/GROSSING,false,false,2026-10-01T11:17:12.762Z,2026-10-01_1790852962
2026-10-01,keto.droid.lappir.com.ketodiettracker,Keto.app - Keto diet tracker,LAPPIR,Health & Fitness,1152819,"Apr 2, 2017",3469,332,,,,4.3039217,9484,true,search:diet plan,false,false,2026-10-01T11:18:40.204Z,2026-10-01_1790852962
2026-10-01,com.healthmug,Healthmug - Healthcare App,Healthmug,Medical,835439,"Oct 27, 2019",2531,330,,,,4.06243,17939,true,chart:MEDICAL/TOP_FREE,false,false,2026-10-01T11:15:36.584Z,2026-10-01_1790852962
2026-10-01,com.tb.aarogya.sathi,TB Aarogya Sathi,National TB Elimination Program (NTEP),Medical,678957,"Jan 20, 2021",2080,326,,,,4.1438475,5733,true,chart:MEDICAL/TOP_FREE,false,false,2026-10-01T11:16:38.740Z,2026-10-01_1790852962
2026-10-01,com.bearable,"Symptom, Mood & Period Tracker",Bearable,Health & Fitness,776052,"Mar 12, 2020",2394,324,,,,4.59,10485,true,search:period tracker,false,false,2026-10-01T11:21:27.188Z,2026-10-01_1790852962
2026-10-01,com.miracleleap.steplite,ChaloFit,Şarkify,Health & Fitness,10561,"Aug 29, 2026",33,320,,,,3.92,49,true,chart:HEALTH_AND_FITNESS/TOP_FREE,false,false,2026-10-01T11:12:12.702Z,2026-10-01_1790852962
2026-10-01,net.imaios.eanatomy,IMAIOS e-Anatomy,IMAIOS SAS,Medical,1699885,"Oct 20, 2011",5460,311,,,,3.49,4139,true,chart:MEDICAL/GROSSING,false,false,2026-10-01T11:17:07.338Z,2026-10-01_1790852962
2026-10-01,com.growthaccel.pharmarack_retailer.pharmarack_retailer,Pharmarack-Retailer 2.0,Pharmarack Technologies Pvt Ltd,Medical,253687,"Jul 2, 2024",821,309,,,,4.4418163,26192,true,chart:MEDICAL/TOP_FREE,false,false,2026-10-01T11:15:24.790Z,2026-10-01_1790852962
2026-10-01,com.ddrc,DDRC Agilus Diagnostics Lab,Agilus Diagnostics (formerly SRL Diagnostics),Medical,364123,"Jun 29, 2023",1190,306,,,,3.6534653,468,true,chart:MEDICAL/TOP_FREE,false,false,2026-10-01T11:14:33.194Z,2026-10-01_1790852962
2026-10-01,com.medprescricao,Afya Whitebook: Decisão Médica,Afya Participações S.A.,Medical,1469386,"Apr 10, 2013",4922,299,,,,,,true,chart:MEDICAL/GROSSING,false,false,2026-10-01T11:17:03.298Z,2026-10-01_1790852962
2026-10-01,melstudio.kegel.exercises,Kegel Exercises － Pelvic floor,mEL Studio,Health & Fitness,643327,"Oct 24, 2020",2168,297,,,,4.04902,8511,true,chart:HEALTH_AND_FITNESS/GROSSING,false,false,2026-10-01T11:13:39.149Z,2026-10-01_1790852962
2026-10-01,com.smartbloodpressure,Blood Pressure App - SmartBP,evolvemedsys,Medical,1392832,"Oct 10, 2013",4739,294,,,,4.188119,7442,true,chart:MEDICAL/TOP_FREE,false,false,2026-10-01T11:16:48.562Z,2026-10-01_1790852962
2026-10-01,melstudio.msugar,Glucose tracker－Diabetic sugar,mEL Studio,Health & Fitness,1007714,"May 14, 2017",3427,294,,,,4.4,6816,true,search:diabetes care,false,false,2026-10-01T11:21:01.460Z,2026-10-01_1790852962
2026-10-01,com.plumhq.employee.production,Plum,Plum: Insurance and Health Benefits,Health & Fitness,459133,"May 30, 2022",1585,290,,,,4.720661,6049,true,chart:HEALTH_AND_FITNESS/TOP_FREE,false,false,2026-10-01T11:13:04.935Z,2026-10-01_1790852962
2026-10-01,com.rocateer.mediscount,"PillEye – tablet, pill counter",Medility,Medical,608054,"Dec 9, 2020",2122,287,,,,4.0588236,1670,true,chart:MEDICAL/GROSSING,false,false,2026-10-01T11:17:15.758Z,2026-10-01_1790852962
2026-10-01,app.cronogramacapilar,Hair Care Routine 360,TwoCats App,Beauty,161239,"Mar 6, 2025",574,281,,,,3.98,3490,true,search:hair loss,false,false,2026-10-01T11:19:15.760Z,2026-10-01_1790852962
2026-10-01,com.cdac.aiimsbhopal,AIIMS Bhopal Swasthya,"AIIMS, Bhopal",Medical,489622,"Dec 10, 2021",1756,279,,,,3.140244,1647,true,chart:MEDICAL/TOP_FREE,false,false,2026-10-01T11:14:54.873Z,2026-10-01_1790852962
2026-10-01,com.kompanion.workout.android,EasyFit - Lazy Workout at Home,Catch Applications,Health & Fitness,242648,"May 8, 2024",876,277,,,,4.381356,2580,true,chart:HEALTH_AND_FITNESS/GROSSING,false,false,2026-10-01T11:13:32.124Z,2026-10-01_1790852962
2026-10-01,com.soscare.customer,CNH Care,Connect and Heal Global Pvt Ltd,Medical,721772,"Jul 31, 2019",2619,276,,,,4.6394367,13717,true,chart:MEDICAL/TOP_FREE,false,false,2026-10-01T11:14:47.045Z,2026-10-01_1790852962
2026-10-01,com.vamapps.thecoach,The Coach For Him: Kegel Fit,VAM APPS Co,Health & Fitness,353781,"Mar 28, 2023",1283,276,,,,3.6067417,3332,true,search:health coach hindi,false,false,2026-10-01T11:21:39.026Z,2026-10-01_1790852962
2026-10-01,com.mhl,Metropolis Healthcare,Metropolis Healthcare Ltd.,Health & Fitness,464062,"Feb 2, 2022",1702,273,,,,4.291139,2371,true,chart:HEALTH_AND_FITNESS/TOP_FREE,true,false,2026-10-01T11:10:39.536Z,2026-10-01_1790852962
2026-10-01,com.axiommobile.weightloss,Lose Weight at Home in 30 Days,AxiomRun,Health & Fitness,644629,"Apr 12, 2020",2363,273,,,,4.34,5811,true,search:weight loss hindi,false,false,2026-10-01T11:22:07.047Z,2026-10-01_1790852962
2026-10-01,com.pillo,PillO: Meds In Minutes,PillO,Medical,167318,"Jan 21, 2025",618,271,,,,4.54,1007,true,chart:MEDICAL/TOP_FREE,false,false,2026-10-01T11:15:06.761Z,2026-10-01_1790852962
2026-10-01,org.nanobit.perioddiary,Ivy Period & Pregnancy Tracker,Bellabeat Inc.,Health & Fitness,960491,"Jan 10, 2017",3551,270,,,,4.069307,9877,true,search:period tracker,false,false,2026-10-01T11:21:32.104Z,2026-10-01_1790852962
2026-10-01,co.medgic.medgic,Medgic - AI Skin Analysis,MEDNET PTE LTD,Medical,799877,"Jul 29, 2018",2986,268,,,,3.2,5791,true,search:skin doctor,false,false,2026-10-01T11:19:43.006Z,2026-10-01_1790852962
2026-10-01,nas.logicbeanzs.com.mynas,myNAS,NAS United Healthcare Services LLC,Medical,952483,"Dec 19, 2016",3573,267,,,,3.62,7478,true,chart:MEDICAL/TOP_FREE,false,false,2026-10-01T11:16:23.679Z,2026-10-01_1790852962
2026-10-01,health.mydiabetes,"MyDiabetes: Meal, Carb Tracker",GO Health Solutions,Health & Fitness,282505,"Oct 17, 2023",1080,262,,,,5,2444,true,search:diabetes care,false,false,2026-10-01T11:20:52.481Z,2026-10-01_1790852962
2026-10-01,com.pathkind.app,Pathkind Labs - Blood Test,Pathkind Diagnostics Private Limited,Health & Fitness,276248,"Nov 1, 2023",1065,259,,,,3.38,716,true,chart:HEALTH_AND_FITNESS/TOP_FREE,false,false,2026-10-01T11:11:38.628Z,2026-10-01_1790852962
2026-10-01,com.ohlogy.akidha,Akidha: Substitute Medicines,Akidha,Medical,65278,"Jan 21, 2026",253,258,,,,3.234375,65,true,chart:MEDICAL/TOP_FREE,false,false,2026-10-01T11:14:36.143Z,2026-10-01_1790852962
2026-10-01,org.milaap.app.android,Milaap : Donation Crowdfunding,Milaap Social Ventures India Private limited,Medical,498965,"Jun 18, 2021",1931,258,,,,4.668899,24305,true,chart:MEDICAL/TOP_FREE,false,false,2026-10-01T11:16:21.699Z,2026-10-01_1790852962
2026-10-01,homeworkout.launcher.forwomen.keepfit,Home Workout for Women,PT POLEWALI DIGITAL,Health & Fitness,14399,"Aug 6, 2026",56,257,,,,3.1111112,67,true,chart:HEALTH_AND_FITNESS/TOP_FREE,true,false,2026-10-01T11:10:29.628Z,2026-10-01_1790852962
2026-10-01,in.medkart,Medkart: Buy Generic Medicine,Medkart Pharmacy Pvt Ltd,Medical,146898,"Mar 7, 2025",573,256,,,,4.548077,1047,true,chart:MEDICAL/TOP_FREE,false,false,2026-10-01T11:15:48.048Z,2026-10-01_1790852962
2026-10-01,com.EmKsa.TestedeVisao,Vision Tests,Appzileiro,Medical,496653,"May 25, 2021",1955,254,,,,4.3,2754,true,chart:MEDICAL/TOP_FREE,false,false,2026-10-01T11:16:15.704Z,2026-10-01_1790852962
2026-10-01,in.macroh.app,Macroh,Synikaa,Health & Fitness,8141,"Aug 29, 2026",33,247,,,,4.633663,316,true,chart:HEALTH_AND_FITNESS/TOP_FREE,true,false,2026-10-01T11:11:17.553Z,2026-10-01_1790852962
2026-10-01,com.truworth.wellnesscorner,The Wellness Corner,Truworth,Health & Fitness,918357,"Jul 22, 2016",3723,247,,,,4.4263496,11021,true,chart:HEALTH_AND_FITNESS/TOP_FREE,false,false,2026-10-01T11:12:56.821Z,2026-10-01_1790852962
2026-10-01,ru.easyanatomy,Easy Anatomy 3D,EASY ANATOMY - FZCO,Medical,445357,"Aug 31, 2021",1857,240,,,,4.25,2088,true,chart:MEDICAL/GROSSING,false,false,2026-10-01T11:17:37.567Z,2026-10-01_1790852962
2026-10-01,fit.sugar.android,sugar.fit,Ragus Healthcare Private Limited,Medical,457412,"Jun 13, 2021",1936,236,,,,4.5375395,16051,true,chart:MEDICAL/TOP_FREE,false,false,2026-10-01T11:15:04.775Z,2026-10-01_1790852962
2026-10-01,com.shuddhi_project,Jeena Sikho Hiims,Jeena Sikho,Health & Fitness,193702,"Jun 25, 2024",828,234,,,,3.39,527,true,chart:HEALTH_AND_FITNESS/TOP_FREE,false,false,2026-10-01T11:12:25.950Z,2026-10-01_1790852962
2026-10-01,com.teqtic.lockmeout,Lock Me Out - App/Site Blocker,TEQTIC Apps LLC,Health & Fitness,1010211,"Sep 23, 2014",4391,230,,,,4.661202,10938,true,chart:HEALTH_AND_FITNESS/GROSSING,false,false,2026-10-01T11:13:40.194Z,2026-10-01_1790852962
2026-10-01,br.com.biosom.app,Biosom - Hearing and Tinnitus,Biosom,Medical,172497,"Sep 7, 2024",754,229,,,,3.6530612,230,true,chart:MEDICAL/TOP_FREE,false,false,2026-10-01T11:15:23.697Z,2026-10-01_1790852962
2026-10-01,com.pixsterstudio.dietplans,Diet Plan: Meal Planner & Prep,Pixster Studio,Health & Fitness,299754,"Feb 20, 2023",1319,227,,,,4.56,846,true,search:diet plan,false,false,2026-10-01T11:18:29.303Z,2026-10-01_1790852962
2026-10-01,app.becomeunstuck.unstuck,Unstuck: CBT Therapy Journal,Unstuck Developments LLC,Health & Fitness,373077,"Mar 20, 2022",1656,225,,,,4.83,5876,true,chart:HEALTH_AND_FITNESS/GROSSING,false,false,2026-10-01T11:13:41.195Z,2026-10-01_1790852962
2026-10-01,app.avax.health,AVAX Blood Pressure Diary,AVAX Health,Medical,632376,"Dec 31, 2018",2831,223,,,,4.259259,10406,true,chart:MEDICAL/GROSSING,false,false,2026-10-01T11:17:32.645Z,2026-10-01_1790852962
2026-10-01,com.digitalbithub.shen,Shen-Acupuncture,"shen-apps.com (EN, DE, ESP, IT, PT, Pусский, 中国..)",Medical,708117,"Jan 16, 2018",3180,223,,,,4.21,1552,true,chart:MEDICAL/GROSSING,false,false,2026-10-01T11:17:48.597Z,2026-10-01_1790852962
2026-10-01,com.scb10x.skinx,SkinX-พบหมอผิวหนังออนไลน์,Samawat Health,Medical,360148,"Apr 25, 2022",1620,222,,,,,,true,search:skin doctor,false,false,2026-10-01T11:19:41.018Z,2026-10-01_1790852962
2026-10-01,com.invoqhealth.loophealth.patient,Loop Health,Invoq Health Inc,Health & Fitness,549172,"Nov 6, 2019",2521,218,,,,4.6365714,8758,true,chart:HEALTH_AND_FITNESS/TOP_FREE,false,false,2026-10-01T11:12:36.957Z,2026-10-01_1790852962
2026-10-01,com.hexahealth.app,HexaHealth: Surgery Simplified,Vianam HealthTech Pvt Ltd,Medical,274370,"Apr 11, 2023",1269,216,,,,4.141593,1123,true,chart:MEDICAL/TOP_FREE,false,false,2026-10-01T11:15:45.106Z,2026-10-01_1790852962
2026-10-01,com.mtlab.calfix,CalFix – AI Calorie Tracker,MTLabz,Health & Fitness,96842,"Jul 6, 2025",452,214,,,,4.5757008,7831,true,chart:HEALTH_AND_FITNESS/TOP_FREE,false,false,2026-10-01T11:12:57.871Z,2026-10-01_1790852962
2026-10-01,com.nutriiya,Nutriiya,NUTRIIYA HEALTH INTELLIGENCE PRIVATE LIMITED,Health & Fitness,77012,"Sep 30, 2025",366,210,,,,4.09,107,true,search:weight gain,false,false,2026-10-01T11:22:52.683Z,2026-10-01_1790852962
2026-10-01,com.ultrahuman.android,Ultrahuman,Ultrahuman.com,Health & Fitness,477218,"Jun 26, 2020",2288,209,,,,4.221774,7131,true,chart:HEALTH_AND_FITNESS/GROSSING,true,true,2026-10-01T11:13:16.233Z,2026-10-01_1790852962
2026-10-01,com.medengage.drugindex,India Drug Index,Neuroglia Health,Medical,741637,"Oct 17, 2016",3636,204,,,,3.0347826,4901,true,chart:MEDICAL/TOP_FREE,false,false,2026-10-01T11:16:08.755Z,2026-10-01_1790852962
2026-10-01,live.microphone.amplifier.sound.amplifier.mic.bluetooth.speaker,Microphone Amplifier: Live Mic,Mido Music,Medical,19119,"Jun 29, 2026",94,203,,,,3.75,33,true,chart:MEDICAL/TOP_FREE,false,false,2026-10-01T11:16:50.529Z,2026-10-01_1790852962
2026-10-01,com.kauverykare,Kauvery Kare: Patient App,KAUVERY HOSPITAL,Medical,229384,"Aug 21, 2023",1137,202,,,,4.09,372,true,chart:MEDICAL/TOP_FREE,false,false,2026-10-01T11:14:32.227Z,2026-10-01_1790852962
2026-10-01,com.amboss.medical.knowledge,AMBOSS Knowledge Library,AMBOSS,Medical,702974,"Mar 8, 2017",3494,201,,,,4.79,8509,true,chart:MEDICAL/TOP_FREE,false,false,2026-10-01T11:15:42.179Z,2026-10-01_1790852962
2026-10-01,com.cdac.igimspatna,IGIMS Patna Swasthya,CDAC Noida,Medical,217565,"Oct 10, 2023",1087,200,,,,3.12,433,true,chart:MEDICAL/TOP_FREE,false,false,2026-10-01T11:14:53.905Z,2026-10-01_1790852962
2026-10-01,net.klier.blutdruck,Tensana - BloodPressure DB,klier.net International S.L.,Medical,1125369,"Mar 30, 2011",5664,199,,,,3.5185184,6630,true,chart:MEDICAL/GROSSING,false,false,2026-10-01T11:17:21.692Z,2026-10-01_1790852962
2026-10-01,com.mydiabetes,Diabetes:M - Blood Sugar Diary,Sirma Medical Systems,Medical,979874,"Apr 16, 2013",4916,199,,,,4.37,24029,true,chart:MEDICAL/GROSSING,false,false,2026-10-01T11:17:46.664Z,2026-10-01_1790852962
2026-10-01,com.punedev.rxreportmaker,Medical Report & Rx Maker,Algorithm Artisan,Medical,167269,"Jun 7, 2024",846,198,,,,4.53,387,true,chart:MEDICAL/TOP_FREE,false,false,2026-10-01T11:16:11.726Z,2026-10-01_1790852962
2026-10-01,com.thegymfiction.app,Gym Faction: Fitness Diet App,bajarangisoft,Health & Fitness,160398,"Jun 29, 2024",824,195,,,,4.5436893,376,true,chart:HEALTH_AND_FITNESS/TOP_FREE,false,false,2026-10-01T11:12:11.722Z,2026-10-01_1790852962
2026-10-01,com.taphealthapp,Tap Health: Blood Sugar Coach,Tap Health,Health & Fitness,188822,"Jan 24, 2024",981,192,,,,4.28,450,true,search:diabetes care,false,false,2026-10-01T11:21:12.364Z,2026-10-01_1790852962
2026-10-01,gov.va.mobilehealth.ncptsd.mindfulnesscoach,Mindfulness Coach,US Department of Veterans Affairs (VA),Health & Fitness,599340,"Jan 26, 2018",3170,189,,,,4.8,8719,true,search:health coach hindi,false,false,2026-10-01T11:21:54.111Z,2026-10-01_1790852962
2026-10-01,in.plus91.medixcel.bhavya_lite,BHAVYA Lite,"State Health Society, Bihar",Medical,69676,"Sep 26, 2025",370,188,,,,3.6534653,127,true,chart:MEDICAL/TOP_FREE,false,false,2026-10-01T11:16:01.884Z,2026-10-01_1790852962
2026-10-01,com.emri.attendemployee,Employee Attendance App,Gvk Emri Apps,Medical,281071,"Aug 18, 2022",1505,187,,,,4.0226536,3058,true,chart:MEDICAL/TOP_FREE,false,false,2026-10-01T11:16:25.617Z,2026-10-01_1790852962
2026-10-01,com.pravisht.MhbMobile,MyHealthBuddy: Diet & Fitness,MyHealthBuddy,Health & Fitness,244920,"Jan 25, 2023",1345,182,,,,4.8146343,2274,true,search:health coach hindi,true,true,2026-10-01T11:21:50.059Z,2026-10-01_1790852962
2026-10-01,com.ayuslab,AyusCare,"ISIRI Technologies, Pvt Ltd",Medical,645282,"Oct 19, 2016",3634,178,,,,4.3351064,1889,true,chart:MEDICAL/TOP_FREE,false,false,2026-10-01T11:15:05.775Z,2026-10-01_1790852962
2026-10-01,com.actrec.emedicalrecords.emedicalrecords,EMR-TMH and ACTREC,ACTREC,Medical,279905,"May 22, 2022",1593,176,,,,4.3235292,911,true,chart:MEDICAL/TOP_FREE,false,false,2026-10-01T11:15:10.863Z,2026-10-01_1790852962
2026-10-01,diet.mydiabetes,MyBody: Health & Weight Loss,GO Health Solutions,Health & Fitness,400901,"Jun 30, 2020",2284,176,,,,4.663158,5195,true,search:health coach hindi,false,false,2026-10-01T11:21:48.064Z,2026-10-01_1790852962
2026-10-01,com.detalytics,42: Metabolic Health Coach,Detalytics Pte Ltd,Health & Fitness,527127,"Jun 19, 2018",3026,174,,,,3.49,267,true,chart:HEALTH_AND_FITNESS/GROSSING,false,false,2026-10-01T11:13:33.118Z,2026-10-01_1790852962
2026-10-01,com.nysora,NYSORA Nerve Blocks,NYSORA.INC,Medical,418744,"Feb 28, 2020",2407,174,,,,4.61,1742,true,chart:MEDICAL/GROSSING,false,false,2026-10-01T11:17:08.336Z,2026-10-01_1790852962
2026-10-01,com.weight.gain.tips.diet_nutrition,Weight Gain Diet Plan & Foods,Data Recovery Software by RecoveryBull.com,Health & Fitness,654580,"Jun 12, 2016",3763,174,,,,4.487245,7132,true,search:weight gain,false,false,2026-10-01T11:22:45.713Z,2026-10-01_1790852962
2026-10-01,com.ebioapp,EBio App,Bhagwat Patil,Medical,398861,"May 28, 2020",2317,172,,,,4.025532,2334,true,chart:MEDICAL/TOP_FREE,false,false,2026-10-01T11:15:26.818Z,2026-10-01_1790852962
2026-10-01,com.k3games.facedoctor.free,Little Skin Doctor,Tap Plays,Arcade,642133,"Jun 14, 2016",3761,171,,,,3.9484537,2388,true,search:skin doctor,false,false,2026-10-01T11:19:22.924Z,2026-10-01_1790852962
2026-10-01,com.JFHFitness.WeightGainForWomen,Weight Gain for Women at Home,JFH Fitness,Health & Fitness,343770,"Mar 12, 2021",2029,169,,,,3.9302325,1058,true,search:weight gain,false,false,2026-10-01T11:22:39.704Z,2026-10-01_1790852962
2026-10-01,com.tgehmis,TGeHMIS,"Commissioner of Health & Family Welfare, Telangana",Medical,37721,"Feb 17, 2026",226,167,,,,4,87,true,chart:MEDICAL/TOP_FREE,false,false,2026-10-01T11:15:28.744Z,2026-10-01_1790852962
2026-10-01,com.rfit.glycemicindextracker,Glycemic Index & Load App,RFIT development,Health & Fitness,256165,"Jul 9, 2022",1545,166,,,,3.4230769,1417,true,search:diabetes care,false,false,2026-10-01T11:21:13.334Z,2026-10-01_1790852962
2026-10-01,com.leber,LEBER リーバー,株式会社リーバー,Medical,393605,"Mar 24, 2020",2382,165,,,,,,true,chart:MEDICAL/GROSSING,false,false,2026-10-01T11:18:07.343Z,2026-10-01_1790852962
2026-10-01,com.docprime.docprime,Docprime,Docprime Technologies,Medical,95127,"Feb 10, 2025",598,159,,,,3.67,115,true,chart:MEDICAL/TOP_FREE,false,false,2026-10-01T11:15:13.820Z,2026-10-01_1790852962
2026-10-01,drzio.weight.gain.yoga.exercise.diet,Weight Gain Yoga AI Exercise,New Health Apps,Health & Fitness,320069,"Mar 9, 2021",2032,158,,,,4.33,1657,true,search:weight gain,false,false,2026-10-01T11:22:46.705Z,2026-10-01_1790852962
2026-10-01,com.freestylelibre.app.in,FreeStyle LibreLink - IN,Abbott Diabetes Care Inc.,Medical,172081,"Sep 29, 2023",1098,157,,,,3.08,348,true,chart:MEDICAL/TOP_FREE,false,false,2026-10-01T11:15:32.686Z,2026-10-01_1790852962
2026-10-01,org.who.whoeyes,WHOeyes,World Health Organization,Health & Fitness,173909,"Sep 12, 2023",1115,156,,,,3.6056337,186,true,chart:HEALTH_AND_FITNESS/TOP_FREE,false,false,2026-10-01T11:12:55.754Z,2026-10-01_1790852962
2026-10-01,com.visiblebody.atlas,Human Anatomy Atlas 2027,Visible Body Apps LLC,Medical,569049,"Sep 30, 2016",3653,156,,,,4.76,17947,false,chart:MEDICAL/GROSSING,false,false,2026-10-01T11:17:13.768Z,2026-10-01_1790852962
2026-10-01,com.ayurvedicmedicine.doctorconsultation,Sanatan Ayurveda - Ask Doctor,Sanatan Ayurveda Health Science Pvt. Ltd.,Medical,29503,"Mar 22, 2026",193,153,,,,4.7294116,85,true,chart:MEDICAL/TOP_FREE,false,false,2026-10-01T11:16:44.654Z,2026-10-01_1790852962
2026-10-01,com.powerfulmedical.pmcardio,PMcardio for Individuals,Powerful Medical,Medical,161801,"Nov 11, 2023",1055,153,,,,4.3037972,823,true,chart:MEDICAL/GROSSING,false,false,2026-10-01T11:17:05.317Z,2026-10-01_1790852962
2026-10-01,com.hodapp,HOD - House Of Diagnostics,House Of Diagnostics,Medical,218845,"Oct 6, 2022",1456,150,,,,3.490196,417,true,chart:MEDICAL/TOP_FREE,false,false,2026-10-01T11:15:44.139Z,2026-10-01_1790852962
2026-10-01,com.medcase.medcase_app,MedCase - Medical Simulation,PARS GROWTH STUDIO,Medical,25239,"Apr 15, 2026",169,149,,,,,,true,chart:MEDICAL/GROSSING,false,false,2026-10-01T11:17:59.467Z,2026-10-01_1790852962
2026-10-01,love.learn.sex.app,Pleasure: Sexual Wellbeing App,Rstream Labs,Education,248548,"Mar 11, 2022",1665,149,,,,3.9038463,926,true,search:sexual wellness,false,false,2026-10-01T11:22:08.115Z,2026-10-01_1790852962
2026-10-01,com.lifenityconnect.patientapp,Lifenity Patient App,Lifenity Health Limited,Medical,60041,"Aug 22, 2025",405,148,,,,3.9848485,66,true,chart:MEDICAL/TOP_FREE,false,false,2026-10-01T11:15:16.787Z,2026-10-01_1790852962
2026-10-01,org.mygyno.app,MyGyno,Anna Sadliy,Medical,17853,"Jun 2, 2026",121,148,,,,,,true,chart:MEDICAL/TOP_FREE,false,false,2026-10-01T11:15:38.518Z,2026-10-01_1790852962
2026-10-01,com.visiblebody.subscription,Visible Body Suite,Visible Body Apps LLC,Medical,246359,"Mar 7, 2022",1669,148,,,,3.452381,1416,true,chart:MEDICAL/GROSSING,false,false,2026-10-01T11:17:24.664Z,2026-10-01_1790852962
2026-10-01,com.moodtools.depressiontest,Depression Test,Inquiry Health LLC,Medical,652420,"Jul 24, 2014",4452,147,,,,4.242718,4710,true,chart:MEDICAL/TOP_FREE,false,false,2026-10-01T11:15:46.085Z,2026-10-01_1790852962
2026-10-01,com.retailio.retailerapp,Retailio Retailer B2B Platform,Online Medicines and Healthcare App,Medical,508367,"Mar 3, 2017",3499,145,,,,3.642857,4067,true,chart:MEDICAL/TOP_FREE,false,false,2026-10-01T11:16:39.717Z,2026-10-01_1790852962
2026-10-01,com.frankrosshealth,Frank Ross Health,Emami Frank Ross,Medical,267205,"Sep 16, 2021",1841,145,,,,4.2985077,1352,true,chart:MEDICAL/TOP_FREE,false,false,2026-10-01T11:16:54.523Z,2026-10-01_1790852962
2026-10-01,com.clearcals.hint,Hint Diet Plan Calorie Counter,Clearcals (Indian Diet Plan Calorie Counter),Health & Fitness,263882,"Oct 11, 2021",1816,145,,,,4.171642,1395,true,search:diet plan,false,false,2026-10-01T11:18:32.283Z,2026-10-01_1790852962
2026-10-01,com.sanfordguide.amt,Sanford Guide Antimicrobial,"Antimicrobial Therapy, Inc.",Medical,641349,"Aug 4, 2014",4441,144,,,,4.69,4591,true,chart:MEDICAL/GROSSING,false,false,2026-10-01T11:17:04.291Z,2026-10-01_1790852962
2026-10-01,com.webmd.ways,Wellness At Your Side,WebMD Health Services,Health & Fitness,205265,"Oct 31, 2022",1431,143,,,,4.5849056,1991,true,search:sexual wellness,false,false,2026-10-01T11:22:32.759Z,2026-10-01_1790852962
2026-10-01,com.walk_wallet,Walk Wallet,Zero Footage,Health & Fitness,66829,"Jun 9, 2025",479,140,,,,3.372549,327,true,chart:HEALTH_AND_FITNESS/TOP_FREE,true,false,2026-10-01T11:10:21.641Z,2026-10-01_1790852962
2026-10-01,app.nutriscan,NutriScan: Calorie & Diet Plan,Fizday Tech,Health & Fitness,113909,"Jul 10, 2024",813,140,,,,4.5,2164,true,search:diet plan,false,false,2026-10-01T11:18:28.301Z,2026-10-01_1790852962
2026-10-01,com.thewayapp.mobile,The Way: Meditation & Zen,"The Way App, Inc.",Health & Fitness,130736,"Feb 7, 2024",967,135,,,,4.5,1327,true,chart:HEALTH_AND_FITNESS/TOP_FREE,false,false,2026-10-01T11:11:56.658Z,2026-10-01_1790852962
2026-10-01,com.bussiness.awpl,AWPL,AWPLCONNECT,Medical,54615,"Aug 21, 2025",406,135,,,,4.73,224,true,chart:MEDICAL/TOP_FREE,false,false,2026-10-01T11:16:49.552Z,2026-10-01_1790852962
2026-10-01,io.Hgpp.app,Health Gennie - Care at Home,Fitkid Health Tech Pvt. Ltd.,Medical,342721,"Sep 20, 2019",2568,133,,,,4.019305,2603,true,chart:MEDICAL/TOP_FREE,false,false,2026-10-01T11:15:43.159Z,2026-10-01_1790852962
2026-10-01,com.ambula.app,"Ambula - ABHA, PHR & Doctors",Ambula Technologies,Medical,126241,"Feb 9, 2024",965,131,,,,4.19,242,true,chart:MEDICAL/TOP_FREE,false,false,2026-10-01T11:16:37.728Z,2026-10-01_1790852962
2026-10-01,com.skyline.weightlossdiet,Weight Loss Diet Plan,skyline media,Health & Fitness,82904,"Jan 4, 2025",635,131,,,,4.3055553,1827,true,search:diet plan,false,false,2026-10-01T11:18:31.285Z,2026-10-01_1790852962
2026-10-01,com.tracewave.period,Period Tracker Ovulation Cycle,Tracewave,Health & Fitness,13594,"Jun 19, 2026",104,131,,,,4.452055,87,true,search:period tracker,false,false,2026-10-01T11:21:22.213Z,2026-10-01_1790852962
2026-10-01,com.apollo.doctorapp,Apollo247 Doctor,Apollo Healthco Ltd,Medical,300788,"Jun 5, 2020",2309,130,,,,4.63,530,true,chart:MEDICAL/TOP_FREE,false,false,2026-10-01T11:16:07.780Z,2026-10-01_1790852962
2026-10-01,com.msd.consumerHindi,MSD मैनुअल उपभोक्ता संस्करण,Merck Sharp & Dohme LLC,Medical,106795,"Jun 24, 2024",829,129,,,,3.3043478,79,true,chart:MEDICAL/TOP_FREE,false,false,2026-10-01T11:16:31.748Z,2026-10-01_1790852962
2026-10-01,app.com.qproject,Q UP Online Doctor Appointment,3409 Tech Ventures Pvt. Ltd.,Medical,497480,"Feb 8, 2016",3888,128,,,,3.2222223,3794,true,chart:MEDICAL/TOP_FREE,false,false,2026-10-01T11:16:42.657Z,2026-10-01_1790852962
2026-10-01,com.kilogroup.nocarbschallenge,My Challenge: Diet Plans,Keto Diets,Health & Fitness,102005,"Jul 23, 2024",800,128,,,,4.8421054,2708,true,search:diet plan,false,false,2026-10-01T11:18:27.313Z,2026-10-01_1790852962
2026-10-01,com.cdac.aiimsbhubaneswar,AIIMS Bhubaneswar Swasthya,CDAC Noida,Medical,293419,"May 12, 2020",2333,126,,,,3.66,704,true,chart:MEDICAL/TOP_FREE,false,false,2026-10-01T11:14:49.977Z,2026-10-01_1790852962
2026-10-01,com.lupin.humrahi,HUMRAHI - Your Partner in Care,Lupin India,Medical,149700,"Jun 28, 2023",1191,126,,,,4.1,854,true,chart:MEDICAL/TOP_FREE,false,false,2026-10-01T11:15:19.743Z,2026-10-01_1790852962
2026-10-01,com.pslove.periodtracker,Blood: Period & Cycle Tracker,PSLOVE PTE. LTD.,Health & Fitness,355926,"Dec 20, 2018",2842,125,,,,4.6237626,4906,true,search:period tracker,false,false,2026-10-01T11:21:30.157Z,2026-10-01_1790852962
2026-10-01,com.phleboindia,Curelo - Lab Test Booking,Curis Healthtech Pvt. Ltd.,Medical,185408,"Aug 10, 2022",1513,123,,,,4.1033435,3286,true,chart:MEDICAL/TOP_FREE,false,false,2026-10-01T11:14:58.874Z,2026-10-01_1790852962
2026-10-01,com.monashuniversity.fodmap,Monash University FODMAP diet,Monash University Low FODMAP diet team,Medical,579311,"Nov 6, 2013",4712,123,,,,4.08,4868,false,chart:MEDICAL/GROSSING,false,false,2026-10-01T11:17:10.804Z,2026-10-01_1790852962
2026-10-01,adon.haircare.patients,Waidon (Adon Hair Care),Adon Hair,Health & Fitness,121795,"Jan 18, 2024",987,123,,,,4.08,380,true,search:hair loss,false,false,2026-10-01T11:19:10.680Z,2026-10-01_1790852962
2026-10-01,dk.maternity.safedelivery,Safe Delivery,Maternity Foundation (MF),Medical,490797,"Sep 25, 2015",4024,122,,,,3.02,1214,true,chart:MEDICAL/TOP_FREE,false,false,2026-10-01T11:15:25.824Z,2026-10-01_1790852962
2026-10-01,in.mednotes.meddose_android,MedDose - Drugs & Diseases,MedNotes,Medical,50058,"Aug 14, 2025",413,121,,,,4.151515,77,true,chart:MEDICAL/TOP_FREE,false,false,2026-10-01T11:16:22.671Z,2026-10-01_1790852962
2026-10-01,ai.thedeep.droracleandroid,Dr.Oracle AI Medical Assistant,TheDeep,Medical,114630,"Feb 15, 2024",959,120,,,,3.41,393,true,chart:MEDICAL/GROSSING,false,false,2026-10-01T11:17:17.759Z,2026-10-01_1790852962
2026-10-01,com.miiskin.android,Miiskin Skin & Dermatology,Miiskin,Health & Fitness,484861,"Sep 15, 2015",4034,120,,,,4.03125,2000,true,search:skin doctor,false,false,2026-10-01T11:19:30.049Z,2026-10-01_1790852962
2026-10-01,com.bloomcycle.app.bloomcycle,Bloom Cycle Period & Pregnancy,SDRE,Health & Fitness,47834,"Aug 22, 2025",405,118,,,,4.443114,1694,true,chart:HEALTH_AND_FITNESS/TOP_FREE,false,false,2026-10-01T11:12:26.976Z,2026-10-01_1790852962
2026-10-01,com.doconline.doconline,DocOnline Doctor Consultations,DocOnline,Medical,402274,"Jun 1, 2017",3409,118,,,,4.6554623,1205,true,chart:MEDICAL/TOP_FREE,false,false,2026-10-01T11:14:57.868Z,2026-10-01_1790852962
2026-10-01,com.tyrano.fitness,Fit Maxxing - Height & Muscles,Tyrano,Health & Fitness,36405,"Nov 24, 2025",311,117,,,,4.64,28,true,chart:HEALTH_AND_FITNESS/TOP_FREE,false,false,2026-10-01T11:12:59.856Z,2026-10-01_1790852962
2026-10-01,com.vaidya247.yesca,Vaidya 247 - FIND APPLY GROW,Yesca Technologies Private Limited,Medical,30085,"Jan 17, 2026",257,117,,,,3.4313726,51,true,chart:MEDICAL/TOP_FREE,false,false,2026-10-01T11:14:56.865Z,2026-10-01_1790852962
2026-10-01,com.all_mbbs.allmedicalbook,MBBS all medical book,PS Pokharel,Medical,96125,"Jul 2, 2024",821,117,,,,4.4059405,888,true,chart:MEDICAL/TOP_FREE,false,false,2026-10-01T11:15:57.846Z,2026-10-01_1790852962
2026-10-01,works.end.LoveLustR,LoveLust: Sexual health,"The LoveLust Company, S.L.",Health & Fitness,69011,"Feb 18, 2025",590,117,,,,3.7916667,603,true,search:sexual wellness,false,false,2026-10-01T11:22:11.041Z,2026-10-01_1790852962
2026-10-01,app.bemorekinky,BeMoreKinky: For Kinky Couples,BeMore App,Lifestyle,51335,"Jul 20, 2025",438,117,,,,,,true,search:sexual wellness,false,false,2026-10-01T11:22:19.940Z,2026-10-01_1790852962
2026-10-01,com.tallfive.airdiet,Air Diet: Weight Loss Plan,Tall 5,Health & Fitness,35104,"Nov 28, 2025",307,114,,,,4.99,1166,true,search:diet plan,false,false,2026-10-01T11:18:37.263Z,2026-10-01_1790852962
2026-10-01,com.lifeactivator.pcosexercise,PCOS Exercise & Lifestyle,Life Activator,Health & Fitness,102384,"Apr 11, 2024",903,113,,,,4.74,348,true,search:pcos,false,false,2026-10-01T11:19:52.145Z,2026-10-01_1790852962
2026-10-01,com.sinocare.ican.health.ce,iCan Health,Changsha Sinocare Inc.,Health & Fitness,114730,"Dec 8, 2023",1028,112,,,,3.9189188,363,true,search:diabetes care,false,false,2026-10-01T11:21:08.413Z,2026-10-01_1790852962
2026-10-01,com.rt.pinprickeffect.meditation,Black Lotus: Goals to meditate,Vedic Sadhana Tech,Health & Fitness,365660,"Jun 7, 2017",3403,107,,,,4.7873464,6422,true,chart:HEALTH_AND_FITNESS/GROSSING,false,false,2026-10-01T11:13:31.119Z,2026-10-01_1790852962
2026-10-01,com.osho.iosho,iOSHO,Osho International,Health & Fitness,222529,"Dec 29, 2020",2102,106,,,,3.87,695,true,chart:HEALTH_AND_FITNESS/GROSSING,false,false,2026-10-01T11:13:29.023Z,2026-10-01_1790852962
2026-10-01,com.diabtrend,DiabTrend - Diabetes Diary App,DiabTrend AI Analytics Inc.,Health & Fitness,290887,"Feb 21, 2019",2779,105,,,,3.8947368,2236,true,search:diabetes care,false,false,2026-10-01T11:20:56.548Z,2026-10-01_1790852962
2026-10-01,com.easydiet.easydiet,EasyDiet: Meal Plan & Diet,AlexherApps,Health & Fitness,1537,"Sep 16, 2026",15,102,,,,,,true,search:diet plan,false,false,2026-10-01T11:18:35.252Z,2026-10-01_1790852962
2026-10-01,de.gleea.einfachretten,Rescue Made Simple,Gleea Educational Software GmbH,Medical,67935,"Nov 25, 2024",675,101,,,,,,true,chart:MEDICAL/GROSSING,false,false,2026-10-01T11:17:56.464Z,2026-10-01_1790852962
2026-10-01,com.gluroo.app,Gluroo: Diabetes Log Tracker,Gluroo Imaginations Inc.,Health & Fitness,153801,"Jul 29, 2022",1525,101,,,,4.9444447,2560,true,search:diabetes care,false,false,2026-10-01T11:20:59.490Z,2026-10-01_1790852962
2026-10-01,com.fitze,fitze: Movement. Rewarded.,Fit On Click,Health & Fitness,224170,"Jun 10, 2020",2304,97,,,,4.2277226,1271,true,chart:HEALTH_AND_FITNESS/TOP_FREE,true,false,2026-10-01T11:10:54.912Z,2026-10-01_1790852962
2026-10-01,com.zylahealth.zylapatient,Zyla: Your 24x7 health expert,Zyla Health Pvt. Ltd.,Medical,337182,"Feb 20, 2017",3510,96,,,,4.715847,7368,true,chart:MEDICAL/TOP_FREE,false,false,2026-10-01T11:15:17.755Z,2026-10-01_1790852962
2026-10-01,com.mrmed.android,MrMed Super-Specialty Pharmacy,Eazymed Technologies,Medical,122733,"Mar 6, 2023",1305,94,,,,4.580357,1119,true,chart:MEDICAL/TOP_FREE,false,false,2026-10-01T11:15:52.942Z,2026-10-01_1790852962
2026-10-01,bsmith.rash,Rash ID: AI Skin Scanner,Appsmiths LLC,Health & Fitness,40738,"Jul 25, 2025",433,94,,,,3.8333333,277,true,search:skin doctor,false,false,2026-10-01T11:19:50.089Z,2026-10-01_1790852962
2026-10-01,com.sdf.untitled,SOUL LAB,Shreans Daga Foundation,Health & Fitness,119415,"Apr 2, 2023",1278,93,,,,4.769231,632,true,chart:HEALTH_AND_FITNESS/TOP_FREE,false,false,2026-10-01T11:12:43.809Z,2026-10-01_1790852962
2026-10-01,com.nextenti.job,NEXTENTI,Nextenti Tech Private Limited,Medical,90274,"Jan 13, 2024",992,91,,,,4.31,118,true,chart:MEDICAL/TOP_FREE,false,false,2026-10-01T11:14:52.933Z,2026-10-01_1790852962
2026-10-01,com.qodeca.kaamcare,Kaam Care–Health & Med Tracker,Kaam Care,Medical,62072,"Nov 18, 2024",682,91,,,,3.4864864,91,true,chart:MEDICAL/TOP_FREE,false,false,2026-10-01T11:15:07.955Z,2026-10-01_1790852962
2026-10-01,com.practo.droid,Practo Pro - For Doctors,"Doctor Appointment, Consultation, Meds, Tests&more",Medical,486224,"Dec 26, 2011",5393,90,,,,3.1118011,7587,true,chart:MEDICAL/TOP_FREE,false,false,2026-10-01T11:16:10.704Z,2026-10-01_1790852962
2026-10-01,com.manutech.mm,Homeopathic Materia Medica AI,Tatva Digital Solutions,Medical,507892,"Mar 4, 2011",5690,89,,,,3.9086957,5816,true,chart:MEDICAL/TOP_FREE,false,false,2026-10-01T11:16:30.658Z,2026-10-01_1790852962
2026-10-01,com.gadgeon.webcardio,WebCardio,WebCardio,Medical,273711,"Apr 13, 2018",3093,88,,,,4.36,189,true,chart:MEDICAL/TOP_FREE,false,false,2026-10-01T11:15:14.801Z,2026-10-01_1790852962
2026-10-01,com.lunalife.luna,luna: teen health & period app,We Are luna,Health & Fitness,97555,"Sep 22, 2023",1105,88,,,,4.4444447,842,true,search:period tracker,false,false,2026-10-01T11:21:29.161Z,2026-10-01_1790852962
2026-10-01,com.playsafeapp,Play Safe: Sexual health app,Obedience,Health & Fitness,11581,"May 22, 2026",132,88,,,,3.3809524,134,true,search:sexual wellness,false,false,2026-10-01T11:22:33.774Z,2026-10-01_1790852962
2026-10-01,com.amnex.banasfarmer_veterinary,Banas Veterinary Seva 2.0,Banaskantha Dist. Co.op. Milk Producers Union Ltd.,Medical,27615,"Nov 18, 2025",317,87,,,,3.8909092,55,true,chart:MEDICAL/TOP_FREE,false,false,2026-10-01T11:16:55.500Z,2026-10-01_1790852962
2026-10-01,com.elelad.comboard,SymboTalk - AAC Talker,Elad Elram,Medical,278162,"Jan 8, 2018",3188,87,,,,4.1666665,451,true,chart:MEDICAL/GROSSING,false,false,2026-10-01T11:18:08.354Z,2026-10-01_1790852962
2026-10-01,com.health.ayda,Ayda - Period Tracker,Ayda Health,Health & Fitness,26534,"Nov 29, 2025",306,87,,,,4.4615383,1021,true,search:period tracker,false,false,2026-10-01T11:21:31.131Z,2026-10-01_1790852962
2026-10-01,spyear.boostedsoundlistener,Hear Through Walls,Battery Stats Saver,Medical,75115,"Apr 24, 2024",890,84,,,,4.3076925,594,true,chart:MEDICAL/GROSSING,false,false,2026-10-01T11:17:28.666Z,2026-10-01_1790852962
2026-10-01,com.medm.medmbg.diary,Blood Sugar Diary for Diabetes,MedM Inc,Medical,315313,"Mar 15, 2016",3852,82,,,,4.3789473,3444,true,search:diabetes care,false,false,2026-10-01T11:21:02.481Z,2026-10-01_1790852962
2026-10-01,in.medibuddy.group,MA - Partner App,Medi Assist Healthcare Services,Medical,218926,"Apr 24, 2019",2717,81,,,,3.214765,1511,true,chart:MEDICAL/TOP_FREE,false,false,2026-10-01T11:16:26.575Z,2026-10-01_1790852962
2026-10-01,com.shkhrustamov.YALPIZ,MENTHA: AI Health Coach,Shohijahon Rustamov,Health & Fitness,19525,"Feb 3, 2026",240,81,,,,,,true,search:AI health coach,false,false,2026-10-01T11:18:48.188Z,2026-10-01_1790852962
2026-10-01,com.mindsethealth.ibs,Nerva: Gut-Brain Program,Mindset Health,Health & Fitness,196684,"Jan 30, 2020",2436,81,,,,3.9662921,6519,true,search:gut health,false,false,2026-10-01T11:20:38.604Z,2026-10-01_1790852962
2026-10-01,com.iifl.livlong,Livlong 365:Cover Bhi Care Bhi,LIVLONG PROTECTION & WELLNESS SOLUTIONS LIMITED,Medical,131517,"Mar 30, 2022",1646,80,,,,4.6460176,1106,true,chart:MEDICAL/TOP_FREE,false,false,2026-10-01T11:16:02.872Z,2026-10-01_1790852962
2026-10-01,br.com.medsos.sosplantao,MEDCode: IA Médica Atlas 2.0,TEDMED,Medical,220860,"Mar 28, 2019",2744,80,,,,,,true,chart:MEDICAL/GROSSING,false,false,2026-10-01T11:17:35.610Z,2026-10-01_1790852962
2026-10-01,com.hw.health,Hindustan Wellness,Hindustan Wellness Pvt. Ltd.,Medical,289005,"Sep 8, 2016",3675,79,,,,3.424623,7978,true,chart:MEDICAL/TOP_FREE,false,false,2026-10-01T11:17:02.311Z,2026-10-01_1790852962
2026-10-01,com.clove.patient,Clove Patient,Star Dental Centre  Private Limited,Medical,16683,"Feb 26, 2026",217,77,,,,3.375,32,true,chart:MEDICAL/TOP_FREE,false,false,2026-10-01T11:15:00.839Z,2026-10-01_1790852962
2026-10-01,com.gkcklinica.GkcKlinica,GKC Klinica,GKC TECH,Medical,59725,"Aug 1, 2024",791,76,,,,4,61,true,chart:MEDICAL/TOP_FREE,false,false,2026-10-01T11:16:33.762Z,2026-10-01_1790852962
2026-10-01,com.senses.app,Senses: Kegel & Sex Health,SENSES MEDIA LTD,Health & Fitness,140395,"Sep 13, 2021",1844,76,,,,3.090909,2365,true,search:sexual wellness,false,false,2026-10-01T11:22:10.047Z,2026-10-01_1790852962
2026-10-01,healthcare.i5e.care,"5eCare: ABHA, OPD & Care",5eCare,Medical,158746,"Oct 14, 2020",2178,73,,,,4.07,575,true,chart:MEDICAL/TOP_FREE,false,false,2026-10-01T11:14:43.118Z,2026-10-01_1790852962
2026-10-01,com.vademecumonline.mobile,Vademecum Mobile: Drug Guide,VADEMECUM YAYINCILIK A.Ş.,Medical,82980,"Aug 28, 2023",1130,73,,,,,,true,chart:MEDICAL/GROSSING,false,false,2026-10-01T11:18:00.430Z,2026-10-01_1790852962
2026-10-01,com.meditation.live,Wellness Coach,Meditation.Live,Health & Fitness,208587,"Dec 20, 2018",2842,73,,,,4.73,1581,true,search:sexual wellness,false,false,2026-10-01T11:22:30.820Z,2026-10-01_1790852962
2026-10-01,com.consvr.obscalc,OBS Calc -Pregnancy Calculator,Stitch and Heal Inc,Medical,249572,"Apr 6, 2017",3465,72,,,,4.59375,2814,true,chart:MEDICAL/TOP_FREE,false,false,2026-10-01T11:16:03.843Z,2026-10-01_1790852962
2026-10-01,com.mzasapps.pcostracker.lifeactivator.pcosexercise.diet,PCOS Tracker: Period & AI Plan,MZAS Apps,Health & Fitness,5968,"Jul 9, 2026",84,71,,,,,,true,search:pcos,false,false,2026-10-01T11:20:20.775Z,2026-10-01_1790852962
2026-10-01,com.triotree.sparshpatientportal,Sparsh Anubhava,SPARSH HOSPITAL,Medical,111844,"May 4, 2022",1611,69,,,,3.9,310,true,chart:MEDICAL/TOP_FREE,false,false,2026-10-01T11:15:03.796Z,2026-10-01_1790852962
2026-10-01,com.slowcoder.m_study,M Bio,Mayur Wagh,Medical,8042,"Jun 5, 2026",118,68,,,,4.58,141,true,chart:MEDICAL/TOP_FREE,false,false,2026-10-01T11:17:01.342Z,2026-10-01_1790852962
2026-10-01,com.cysterhood,Cysterhood: PCOS Weight Loss,PCOS Weight Loss,Health & Fitness,94447,"Dec 15, 2022",1386,68,,,,2.4324324,399,true,search:pcos,false,false,2026-10-01T11:19:54.111Z,2026-10-01_1790852962
2026-10-01,com.letsemjoy.app,Emjoy - Female wellcare,Emjoy App,Health & Fitness,168503,"Dec 17, 2019",2480,68,,,,3.5714285,641,true,search:sexual wellness,false,false,2026-10-01T11:22:15.984Z,2026-10-01_1790852962
2026-10-01,de.feastr.plan,Meal Planner & Nutrition Coach,feastr,Health & Fitness,192773,"Nov 21, 2018",2871,67,,,,3.1666667,611,true,search:weight gain,false,false,2026-10-01T11:22:48.681Z,2026-10-01_1790852962
2026-10-01,com.youdevelop.app.calcmed,"CalcMed: Plantão médico, UTI +",CALCMED,Medical,65006,"Jan 23, 2024",982,66,,,,,,true,chart:MEDICAL/GROSSING,false,false,2026-10-01T11:17:40.563Z,2026-10-01_1790852962
2026-10-01,com.ketodietapp.ketodiet.full,Keto Diet Tracker & Fasting,Compumaster Ltd,Health & Fitness,218893,"Aug 8, 2017",3341,66,,,,3.5454545,1000,true,search:diet plan,false,false,2026-10-01T11:18:36.224Z,2026-10-01_1790852962
2026-10-01,com.gluconote.sugar.diary.app,GlucoNote: Blood Sugar & Diary,PureSoft Studio Inc,Health & Fitness,2348,"Aug 26, 2026",36,65,,,,,,true,chart:HEALTH_AND_FITNESS/TOP_FREE,false,false,2026-10-01T11:11:41.788Z,2026-10-01_1790852962
2026-10-01,com.ojuba2013.type4hair,type4hair,aimie,Productivity,10172,"Apr 24, 2026",160,64,,,,,,true,search:hair loss,false,false,2026-10-01T11:19:14.723Z,2026-10-01_1790852962
2026-10-01,com.evenhealthcare.member,Even Healthcare,Even Tech,Medical,102425,"Apr 8, 2022",1637,63,,,,4.422713,3174,true,chart:MEDICAL/TOP_FREE,false,false,2026-10-01T11:16:13.725Z,2026-10-01_1790852962
2026-10-01,com.unbound.android.cqddl,Davis's Drug Guide,"Unbound Medicine, Inc",Medical,259934,"Jun 25, 2015",4116,63,,,,3.45,2250,true,chart:MEDICAL/GROSSING,false,false,2026-10-01T11:17:16.749Z,2026-10-01_1790852962
2026-10-01,com.studyspring.all.skin.diseases.dermatology.alldiseases,All Skin Diseases & Treatment,StudySpring,Medical,124996,"Apr 21, 2021",1989,63,,,,3.523077,261,true,search:skin doctor,false,false,2026-10-01T11:19:47.126Z,2026-10-01_1790852962
2026-10-01,com.dalvkot.vyko_patient,VYKO Patient,VYKO Application,Medical,61728,"Jan 4, 2024",1001,62,,,,3.26,167,true,chart:MEDICAL/TOP_FREE,false,false,2026-10-01T11:16:19.676Z,2026-10-01_1790852962
2026-10-01,com.ckbirlahospitals.patientapp,CK Birla Hospitals,CK Birla Hospitals App,Medical,43755,"Oct 29, 2024",702,62,,,,3.3493977,83,true,chart:MEDICAL/TOP_FREE,false,false,2026-10-01T11:16:58.417Z,2026-10-01_1790852962
2026-10-01,com.cdac.jipmer,JIPMER HMIS,JIPMER,Medical,6345,"Jun 18, 2026",105,60,,,,4,9,true,chart:MEDICAL/TOP_FREE,false,false,2026-10-01T11:15:47.063Z,2026-10-01_1790852962
2026-10-01,com.medm.app.health,Health Diary by MedM,MedM Inc,Medical,270508,"Jun 5, 2014",4501,60,,,,4.2545457,5240,true,chart:MEDICAL/GROSSING,false,false,2026-10-01T11:17:31.659Z,2026-10-01_1790852962
2026-10-01,com.keshahapp.hair,KESHAH,KESHAH,Health & Fitness,69572,"Jul 21, 2023",1168,60,,,,4.72179,9794,true,search:hair loss,false,false,2026-10-01T11:19:02.852Z,2026-10-01_1790852962
2026-10-01,com.ekodevices.android,Eko: Digital Stethoscopes,"Eko Health, Inc",Medical,208754,"Feb 3, 2017",3527,59,,,,4.74,5299,true,chart:MEDICAL/GROSSING,false,false,2026-10-01T11:17:06.296Z,2026-10-01_1790852962
2026-10-01,com.fapstats.app,Fapstats: Sex Tracker,Fapstats,Health & Fitness,23287,"Sep 1, 2025",395,59,,,,3.5,157,true,search:sexual wellness,false,false,2026-10-01T11:22:25.866Z,2026-10-01_1790852962
2026-10-01,com.rsesupport.velloreguide,CMC Vellore Patient Guide,RS eSupport,Medical,137187,"Apr 17, 2020",2358,58,,,,4.14,1011,true,chart:MEDICAL/TOP_FREE,false,false,2026-10-01T11:15:56.870Z,2026-10-01_1790852962
2026-10-01,com.vydhyopatientapp,Vydhyo,Vydhyo Health,Medical,21708,"Sep 8, 2025",388,56,,,,4.8519735,2977,true,chart:MEDICAL/TOP_FREE,false,false,2026-10-01T11:16:28.620Z,2026-10-01_1790852962
2026-10-01,com.nukkuaa.app,sleep² sleeptracker & analysis,Nukkuaa,Medical,47796,"May 29, 2024",855,56,,,,4.125,561,true,chart:MEDICAL/GROSSING,false,false,2026-10-01T11:17:43.693Z,2026-10-01_1790852962
2026-10-01,co.wiserapps.glycemicindex,Glycemic Index Guide: Diabetes,Wiserapps Software,Health & Fitness,27094,"May 31, 2025",488,56,,,,4.133333,593,true,search:diabetes care,false,false,2026-10-01T11:21:14.338Z,2026-10-01_1790852962
2026-10-01,fitnessapp.workout.dietplan.weightgain,Weight Gain Workouts Food Diet,LEARNING GAME APPS PRIVATE LIMITED,Health & Fitness,159502,"Dec 11, 2018",2851,56,,,,4.22,386,true,search:weight gain,false,false,2026-10-01T11:22:40.748Z,2026-10-01_1790852962
2026-10-01,com.tdpl.customer,Torrent Diagnostics,Torrent Diagnostics Limited,Medical,18613,"Oct 29, 2025",337,55,,,,4.230769,39,true,chart:MEDICAL/TOP_FREE,false,false,2026-10-01T11:16:52.544Z,2026-10-01_1790852962
2026-10-01,ru.hintsolutions.diabets,Diabetes,Hint Solutions,Medical,162080,"Aug 13, 2018",2971,55,,,,,,true,search:diabetes care,false,false,2026-10-01T11:20:58.519Z,2026-10-01_1790852962
2026-10-01,com.cdac.nimsmobile,NIMS HMIS,CDAC Noida,Medical,174294,"Nov 13, 2017",3244,54,,,,3.86,617,true,chart:MEDICAL/TOP_FREE,false,false,2026-10-01T11:15:55.892Z,2026-10-01_1790852962
2026-10-01,io.blueheart.blueheart,Blueheart: Relationship Health,Blueheart Technologies Ltd,Health & Fitness,119456,"May 29, 2020",2316,52,,,,4.05,487,true,search:sexual wellness,false,false,2026-10-01T11:22:24.898Z,2026-10-01_1790852962
2026-10-01,com.parashospital.parashealthcare,Paras Health Patient App,Paras Healthcare Limited,Medical,83117,"Apr 30, 2022",1615,51,,,,3.72,501,true,chart:MEDICAL/TOP_FREE,false,false,2026-10-01T11:16:17.737Z,2026-10-01_1790852962
2026-10-01,com.mynetdiary.plateai,MyNetDiary PlateAI - AI Coach,MyNetDiary.com,Health & Fitness,21323,"Aug 5, 2025",422,51,,,,,,true,search:AI health coach,false,false,2026-10-01T11:18:54.270Z,2026-10-01_1790852962
2026-10-01,com.smc.suratpatientapp,SMC eHealth,Surat Municipal Corporation,Medical,49656,"Jan 15, 2024",990,50,,,,4.28,110,true,chart:MEDICAL/TOP_FREE,false,false,2026-10-01T11:16:06.804Z,2026-10-01_1790852962
2026-10-01,com.propagator.squeezy,Squeezy,Living With Ltd,Medical,214749,"Nov 24, 2014",4329,50,,,,,,false,chart:MEDICAL/GROSSING,false,false,2026-10-01T11:17:26.638Z,2026-10-01_1790852962
2026-10-01,drzio.hairgrowth.treatment.hairloss.hairfall.remedy,Yoga for Hair loss - Regrow Th,Dr. Zio - Yoga Teacher,Health & Fitness,114860,"May 2, 2020",2343,49,,,,4.3,880,true,search:hair loss,false,false,2026-10-01T11:18:56.248Z,2026-10-01_1790852962
2026-10-01,com.vamapps.thecoach.forher,The Coach For Her: Sex Health,VAM APPS Co,Health & Fitness,22381,"Jul 3, 2025",455,49,,,,,,true,search:sexual wellness,false,false,2026-10-01T11:22:12.017Z,2026-10-01_1790852962
2026-10-01,com.genericaadhaar.store,Generic Medicine Online,Generic Aadhaar,Medical,9218,"Mar 23, 2026",192,48,,,,4.0555553,54,true,chart:MEDICAL/TOP_FREE,false,false,2026-10-01T11:16:53.545Z,2026-10-01_1790852962
2026-10-01,drzio.pcos.treatment.infertility.exercise.pcod,Yoga for PCOS - AI Exercise,New Health Apps,Health & Fitness,97084,"Mar 16, 2021",2025,48,,,,4.54,774,true,search:pcos,false,false,2026-10-01T11:20:16.835Z,2026-10-01_1790852962
2026-10-01,com.abhilabs.lunavi,Lunavi: Offline Period Tracker,Abhi Labs,Health & Fitness,5953,"May 26, 2026",128,47,,,,4.8055553,69,true,search:period tracker,false,false,2026-10-01T11:21:21.222Z,2026-10-01_1790852962
2026-10-01,com.bhbharesh.YogainHindi,Yoga hindi,Hindi Infoware,Health & Fitness,159207,"Jun 20, 2017",3390,47,,,,4.16,414,true,search:health coach hindi,false,false,2026-10-01T11:21:42.959Z,2026-10-01_1790852962
2026-10-01,com.astraler.android.kegel,Kegel Prime: Men's Health,Astraler,Health & Fitness,15160,"Nov 13, 2025",322,47,,,,4,346,true,search:sexual wellness,false,false,2026-10-01T11:22:23.947Z,2026-10-01_1790852962
2026-10-01,com.MyHairApp,MyHairAI,Myhair,Beauty,32483,"Oct 18, 2024",713,46,,,,3.9,549,true,search:hair loss,false,false,2026-10-01T11:19:08.744Z,2026-10-01_1790852962
2026-10-01,com.cdac.aiimsnagpur,e-Vaidya AIIMS Nagpur,AIIMS Nagpur,Medical,103165,"May 27, 2020",2318,45,,,,2.97,378,true,chart:MEDICAL/TOP_FREE,false,false,2026-10-01T11:15:27.788Z,2026-10-01_1790852962
2026-10-01,com.hairkeeper,Hair Health & Scanner HairKeep,Pibardos LLC,Lifestyle,24385,"Apr 1, 2025",548,44,,,,4.37,543,true,search:hair loss,false,false,2026-10-01T11:19:00.220Z,2026-10-01_1790852962
2026-10-01,com.ittanta.banas_pashu_dhan,Banas Farmer,Banaskantha Dist. Co.op. Milk Producers Union Ltd.,Medical,8450,"Mar 12, 2026",203,42,,,,4.428571,7,true,chart:MEDICAL/TOP_FREE,false,false,2026-10-01T11:15:58.829Z,2026-10-01_1790852962
2026-10-01,com.shapunjab.shaapp,State Health Agency Punjab,"State Health Agency, Punjab",Medical,28251,"Nov 24, 2024",676,42,,,,3.074074,27,true,chart:MEDICAL/TOP_FREE,false,false,2026-10-01T11:16:00.892Z,2026-10-01_1790852962
2026-10-01,gr.tessera.fordiabetesapp,forDiabetes: Glucose Tracker,Tessera Multimedia,Health & Fitness,96551,"Jul 9, 2020",2275,42,,,,4.4444447,378,true,search:diabetes care,false,false,2026-10-01T11:21:04.452Z,2026-10-01_1790852962
2026-10-01,in.yoboshu.yoboshu,Health Tick: Weight & Health,Health Tick: Behavioural Science weight loss app,Health & Fitness,90138,"Nov 6, 2020",2155,42,,,,4.9,875,true,search:health coach hindi,false,false,2026-10-01T11:22:02.030Z,2026-10-01_1790852962
2026-10-01,com.supraMeds,SupraMeds HealthCare,SUPRACYN PRIVATE LIMITED,Medical,67925,"Mar 28, 2022",1648,41,,,,3.75,143,true,chart:MEDICAL/TOP_FREE,false,false,2026-10-01T11:15:35.583Z,2026-10-01_1790852962
2026-10-01,com.cdac.aiimsmangalagiri,AIIMS Mangalagiri e-Paramarsh,AIIMS Mangalagiri,Medical,96643,"May 4, 2020",2341,41,,,,4.12,418,true,chart:MEDICAL/TOP_FREE,false,false,2026-10-01T11:16:14.685Z,2026-10-01_1790852962
2026-10-01,com.yogainhindi.dailyyogainhindi.yoga.yogasan,Yoga Hindi योगासन  Yoga Guide,Nirmal Health,Health & Fitness,90364,"Oct 7, 2020",2185,41,,,,4.732673,443,true,search:health coach hindi,false,false,2026-10-01T11:22:03.015Z,2026-10-01_1790852962
2026-10-01,com.vs.flarecare.flarecare,FlareCare: Gut Health Tracker,FlareCare LLC,Health & Fitness,3481,"Jul 7, 2026",86,40,,,,,,true,search:gut health,false,false,2026-10-01T11:20:26.834Z,2026-10-01_1790852962
2026-10-01,com.tricog.clinics.doctor,VCardia by Tricog,Tricog,Medical,144805,"Apr 29, 2016",3807,38,,,,4.44,305,true,chart:MEDICAL/TOP_FREE,false,false,2026-10-01T11:16:24.652Z,2026-10-01_1790852962
2026-10-01,com.rkskmp,RKSK MP,National Health Mission (Madhya Pradesh),Medical,12532,"Nov 4, 2025",331,38,,,,3.8333333,24,true,chart:MEDICAL/TOP_FREE,false,false,2026-10-01T11:16:34.757Z,2026-10-01_1790852962
2026-10-01,com.kidcal.kidcal,KitCal Medicine AI,DroiDoc,Medical,46911,"May 4, 2023",1246,38,,,,,,true,chart:MEDICAL/GROSSING,false,false,2026-10-01T11:18:03.329Z,2026-10-01_1790852962
2026-10-01,com.ug.haircareapp,Home Remedies for Hair Care,Unicorn Games LLC,Beauty,35667,"Mar 11, 2024",934,38,,,,3.93,1299,true,search:hair loss,false,false,2026-10-01T11:19:19.874Z,2026-10-01_1790852962
2026-10-01,com.usbmis.reader.dadg,Davis's Drug Guide for Nurses,AtmosphereApps,Medical,201740,"Jul 5, 2011",5567,36,,,,4.095238,1947,true,chart:MEDICAL/GROSSING,false,false,2026-10-01T11:17:25.660Z,2026-10-01_1790852962
2026-10-01,com.brar.vet,Vet Easy - Drugs & Calculators,Vet Easy Inc.,Medical,74220,"Jan 12, 2021",2088,36,,,,3.7368422,155,true,chart:MEDICAL/GROSSING,false,false,2026-10-01T11:18:06.370Z,2026-10-01_1790852962
2026-10-01,com.OndaDev.HealthyBuddyProd,Healthy Buddy: AI Health Coach,Gianmarco Ebeling,Health & Fitness,8475,"Feb 5, 2026",238,36,,,,,,true,search:AI health coach,false,false,2026-10-01T11:18:51.193Z,2026-10-01_1790852962
2026-10-01,com.plantaozinho.android,Plantãozinho,DocPocket Tecnologia da Informação Ltda,Medical,104994,"Mar 15, 2018",3122,34,,,,,,true,chart:MEDICAL/GROSSING,false,false,2026-10-01T11:17:50.535Z,2026-10-01_1790852962
2026-10-01,com.techup.hospital,Kashi Plus,Kashi Medicos,Medical,33541,"Dec 23, 2023",1013,33,,,,4.5825243,289,true,chart:MEDICAL/TOP_FREE,false,false,2026-10-01T11:15:08.910Z,2026-10-01_1790852962
2026-10-01,com.hapday.healthy.solutions.hapday,Hapday - AI Life Coach,HAPDAY,Health & Fitness,19601,"Feb 18, 2025",590,33,,,,4.1666665,137,true,search:AI health coach,false,false,2026-10-01T11:18:47.242Z,2026-10-01_1790852962
2026-10-01,com.healixai.healix,Healix: Al Health & Diet Coach,Healix AI developer,Health & Fitness,16531,"May 13, 2025",506,33,,,,4.7906976,184,true,search:AI health coach,false,false,2026-10-01T11:18:53.231Z,2026-10-01_1790852962
2026-10-01,challenge.winter.arc,Winter Arc Challenge,leadloomer.com,Health & Fitness,22563,"Oct 30, 2024",701,32,,,,4.6666665,164,true,chart:HEALTH_AND_FITNESS/TOP_FREE,false,false,2026-10-01T11:13:01.877Z,2026-10-01_1790852962
2026-10-01,com.jescontechnologies.patientportalamala,Amala,Info Connections,Medical,29762,"Mar 18, 2024",927,32,,,,4.133333,47,true,chart:MEDICAL/TOP_FREE,false,false,2026-10-01T11:16:05.829Z,2026-10-01_1790852962
2026-10-01,org.wadhwaniai.tbcoughapp,Cough Against TB,Wadhwani AI (AI unit of LEHS),Medical,32130,"Jan 9, 2024",996,32,,,,3.2666667,30,true,chart:MEDICAL/TOP_FREE,false,false,2026-10-01T11:16:45.644Z,2026-10-01_1790852962
2026-10-01,com.uk.co.moa,A Manual of Acupuncture 2025,Journal of Chinese Medicine Publications Ltd.,Medical,17331,"Mar 26, 2025",554,31,,,,4.428571,254,true,chart:MEDICAL/GROSSING,false,false,2026-10-01T11:17:30.654Z,2026-10-01_1790852962
2026-10-01,com.acts.FormAssist,Health Coach App,ACTS ILETISIM VE BILGI TEKNOLOJILERI A.S.,Health & Fitness,95419,"Mar 10, 2018",3127,31,,,,5,254,true,search:AI health coach,false,false,2026-10-01T11:18:43.156Z,2026-10-01_1790852962
2026-10-01,com.healthcaretransformationlab.mghacls_android,AHA ACLS,Massachusetts General Hospital IS,Medical,60489,"Mar 17, 2021",2024,30,,,,3.4285715,182,true,chart:MEDICAL/GROSSING,false,false,2026-10-01T11:17:52.512Z,2026-10-01_1790852962
2026-10-01,com.thepositivebirthcompany.freyasurgetimer,Freya - surge timer for labour,The Positive Birth Company,Medical,74691,"Dec 23, 2019",2474,30,,,,,,false,chart:MEDICAL/GROSSING,false,false,2026-10-01T11:17:54.490Z,2026-10-01_1790852962
2026-10-01,org.diabetes.american_diabetes_association_standards_of_medical_care,ADA Standards of Care,American Diabetes Association,Medical,90800,"Jun 13, 2018",3032,30,,,,4.5074625,637,true,search:diabetes care,false,false,2026-10-01T11:20:54.554Z,2026-10-01_1790852962
2026-10-01,com.axel_stein.glucose_tracker,Diabetes Tracker,Axel Stein,Medical,63854,"Dec 23, 2020",2108,30,,,,4.3589745,939,true,search:diabetes care,false,false,2026-10-01T11:21:05.447Z,2026-10-01_1790852962
2026-10-01,in.drsetu.patient,DrSetu,Barak Software,Medical,578,"Sep 11, 2026",20,29,,,,4.7,10,true,chart:MEDICAL/TOP_FREE,false,false,2026-10-01T11:16:47.573Z,2026-10-01_1790852962
2026-10-01,com.bonded.bondedapp,Bonded: Intimacy & Education,Bonded Inc,Health & Fitness,17748,"Jan 19, 2025",620,29,,,,,,true,search:sexual wellness,false,false,2026-10-01T11:22:27.815Z,2026-10-01_1790852962
2026-10-01,com.system2.solutions.healthpotli.activities,HealthPotli - Online Med Store,System Two Solutions Private Limited,Medical,110306,"Dec 14, 2015",3944,28,,,,4.6378503,4766,true,chart:MEDICAL/TOP_FREE,false,false,2026-10-01T11:16:59.413Z,2026-10-01_1790852962
2026-10-01,com.sampil.baldai,HairLoss AI: Beat Balding,AMR Holding Apps,Health & Fitness,12964,"Jun 12, 2025",476,27,,,,4.02,578,true,search:hair loss,false,false,2026-10-01T11:18:55.257Z,2026-10-01_1790852962
2026-10-01,com.usbmis.troposphere.fpnb,FP Notebook,AtmosphereApps,Medical,118528,"Jun 3, 2014",4503,26,,,,4.3461537,1112,true,chart:MEDICAL/GROSSING,false,false,2026-10-01T11:17:34.625Z,2026-10-01_1790852962
2026-10-01,com.sex.Insight.sex_insight,Sex Insight: Intimacy Tracker,Chuck Lau,Health & Fitness,3910,"May 5, 2026",149,26,,,,,,true,search:sexual wellness,false,false,2026-10-01T11:22:13.993Z,2026-10-01_1790852962
2026-10-01,com.ichime.pcospal,PCOS Pal: Cycle & Diet Tracker,ICHIME COMPANY LIMITED,Health & Fitness,1297,"Aug 11, 2026",51,25,,,,,,true,search:pcos,false,false,2026-10-01T11:19:57.075Z,2026-10-01_1790852962
2026-10-01,com.ubq.sarjicare,Sarji Care,Ubq Technologies Pvt. Ltd.,Medical,7421,"Dec 2, 2025",303,24,,,,3.4615386,13,true,chart:MEDICAL/TOP_FREE,false,false,2026-10-01T11:16:16.691Z,2026-10-01_1790852962
2026-10-01,com.steigenhealthapp,THITO,STEIGEN HEALTHCARE INDIA PRIVATE LIMITED,Medical,11425,"May 27, 2025",492,23,,,,4.269231,26,true,chart:MEDICAL/TOP_FREE,false,false,2026-10-01T11:15:01.854Z,2026-10-01_1790852962
2026-10-01,com.nekologic.anso,AnSo Anaesthesia Sonoanatomy,Sumo Enterprises,Medical,74153,"Jan 25, 2018",3171,23,,,,3.8333333,564,true,chart:MEDICAL/GROSSING,false,false,2026-10-01T11:17:19.749Z,2026-10-01_1790852962
2026-10-01,digifit.virtuagym.client.android.coaching,Virtuagym Coach,Virtuagym,Health & Fitness,78653,"Jun 7, 2017",3403,23,,,,3.6,881,true,search:health coach hindi,false,false,2026-10-01T11:21:52.084Z,2026-10-01_1790852962
2026-10-01,com.pbhealth,PB Health,PB Health,Medical,2637,"Jun 4, 2026",119,22,,,,3.8181818,11,true,chart:MEDICAL/TOP_FREE,false,false,2026-10-01T11:16:56.490Z,2026-10-01_1790852962
2026-10-01,com.netatmo.homecoach,Healthy Home Coach,Legrand - Netatmo - Bticino,Lifestyle,78152,"Nov 10, 2016",3612,22,,,,,,true,search:health coach hindi,false,false,2026-10-01T11:21:59.029Z,2026-10-01_1790852962
2026-10-01,com.the3d4medical.EssentialAnatomy,Essential Anatomy 5,3D4Medical from Elsevier,Medical,95363,"May 14, 2014",4523,21,,,,3.618421,2752,false,chart:MEDICAL/GROSSING,false,false,2026-10-01T11:17:36.585Z,2026-10-01_1790852962
2026-10-01,com.skinive.SkiniveApplication,SkiniveMD: for medical doctors,Skinive B.V.,Health & Fitness,40676,"Jul 26, 2021",1893,21,,,,,,true,search:skin doctor,false,false,2026-10-01T11:19:23.982Z,2026-10-01_1790852962
2026-10-01,com.idoc24.firstderm,First Derm: Online Dermatology,iDoc24 Inc,Medical,91697,"Sep 3, 2014",4411,21,,,,1.5555556,244,true,search:skin doctor,false,false,2026-10-01T11:19:45.013Z,2026-10-01_1790852962
2026-10-01,one.healthium.pcostracker,PCOS Tracker,"Healthium, Inc.",Health & Fitness,13461,"Dec 17, 2024",653,21,,,,,,true,search:pcos,false,false,2026-10-01T11:20:00.081Z,2026-10-01_1790852962
2026-10-01,com.real.bodywork.muscle.trigger.points,Muscle Trigger Point Anatomy,Real Bodywork,Medical,112988,"Jan 27, 2011",5726,20,,,,4.111111,1710,false,chart:MEDICAL/GROSSING,false,false,2026-10-01T11:17:58.465Z,2026-10-01_1790852962
2026-10-01,com.aiany.hair,Hair Scan - AI Hair Snap,Top Infinity LLC,Lifestyle,11277,"Mar 15, 2025",565,20,,,,3.4455445,1561,true,search:hair loss,false,false,2026-10-01T11:19:20.870Z,2026-10-01_1790852962
2026-10-01,pcos.journey,PCOS Journey,Onrival LLC,Health & Fitness,6706,"Nov 5, 2025",330,20,,,,4.5,388,true,search:pcos,false,false,2026-10-01T11:19:53.136Z,2026-10-01_1790852962
2026-10-01,com.healthyhold.healthpulse,HealthyHold - AI Health Coach,HealthyHold,Health & Fitness,13873,"Nov 20, 2024",680,20,,,,4.7647057,52,true,search:health coach hindi,false,false,2026-10-01T11:21:41.961Z,2026-10-01_1790852962
2026-10-01,com.stdi,Sexual Disease and Infections,SilverskyTechnology,Health & Fitness,55621,"Mar 14, 2019",2758,20,,,,4.733333,172,true,search:sexual wellness,false,false,2026-10-01T11:22:22.919Z,2026-10-01_1790852962
2026-10-01,com.patrikatsoftech.gainweight.dietplan.tips.exercise.in30days,Gain Weight :30 days diet plan,Patrikat Softech,Health & Fitness,28047,"Nov 8, 2022",1423,20,,,,3.4615386,16,true,search:weight gain,false,false,2026-10-01T11:22:42.713Z,2026-10-01_1790852962
2026-10-01,za.co.medricsoftware.script_assistant,Scripts Assistant,Medric Software,Medical,15277,"Jul 7, 2024",816,19,,,,4,116,true,chart:MEDICAL/GROSSING,false,false,2026-10-01T11:18:02.373Z,2026-10-01_1790852962
2026-10-01,com.psgst.PsgstPatientApp,PSG Patient App,PSG HOSPITALS,Medical,8971,"May 24, 2025",495,18,,,,3.6585367,42,true,chart:MEDICAL/TOP_FREE,false,false,2026-10-01T11:16:20.719Z,2026-10-01_1790852962
2026-10-01,com.unbound.android.ubjhl,Johns Hopkins Antibiotic Guide,"Unbound Medicine, Inc",Medical,66686,"Jan 20, 2016",3907,17,,,,4.4864864,1324,true,chart:MEDICAL/GROSSING,false,false,2026-10-01T11:17:29.650Z,2026-10-01_1790852962
2026-10-01,com.superhealthcenter.portionsmaster,AI Nutrition & Workout Coach,Portions Master LLC,Health & Fitness,26120,"Jul 7, 2022",1547,17,,,,,,true,search:AI health coach,false,false,2026-10-01T11:18:44.189Z,2026-10-01_1790852962
2026-10-01,com.itfosters.meditation,Meditation in Hindi,IT Fosters Web Solutions Pvt. Ltd,Health & Fitness,57318,"Jul 1, 2017",3379,17,,,,4.34,388,true,search:health coach hindi,false,false,2026-10-01T11:21:53.123Z,2026-10-01_1790852962
2026-10-01,is.vertical.actcoach,ACT Coach,US Department of Veterans Affairs (VA),Health & Fitness,63931,"Aug 8, 2016",3706,17,,,,3.6,126,true,search:health coach hindi,false,false,2026-10-01T11:21:55.110Z,2026-10-01_1790852962
2026-10-01,io.wayfinity.bulkmate,BulkMate: Weight Gain Tracker,Wayfinity Ltd,Health & Fitness,1253,"Jul 19, 2026",74,17,,,,4.714286,76,true,search:weight gain,false,false,2026-10-01T11:22:38.714Z,2026-10-01_1790852962
2026-10-01,es.app.guia.mensa,Mensa Guide,GARMENMED SCP,Medical,38609,"Mar 2, 2020",2404,16,,,,,,true,chart:MEDICAL/GROSSING,false,false,2026-10-01T11:17:20.730Z,2026-10-01_1790852962
2026-10-01,com.wsx.CommunityApp,WeSex: Sexualidad y Bienestar,StayActive,Education,7527,"Jun 3, 2025",485,16,,,,,,true,search:sexual wellness,false,false,2026-10-01T11:22:18.957Z,2026-10-01_1790852962
2026-10-01,com.healthray.patient,Healthray For Patients,Healthray Technologies Pvt. Ltd.,Medical,34322,"Aug 28, 2020",2225,15,,,,4.64,265,true,chart:MEDICAL/TOP_FREE,false,false,2026-10-01T11:14:25.113Z,2026-10-01_1790852962
2026-10-01,emstat.app,EM STAT,"Ilman Razak, MD",Medical,9700,"Dec 4, 2024",666,15,,,,,,true,chart:MEDICAL/GROSSING,false,false,2026-10-01T11:18:01.410Z,2026-10-01_1790852962
2026-10-01,ai.hair.loss.scan.wowo,HairCode·Hair Loss Scanner AI,Wowoo AI Baby Generator: Face Maker,Lifestyle,6938,"Jun 26, 2025",462,15,,,,3.5789473,41,true,search:hair loss,false,false,2026-10-01T11:18:57.250Z,2026-10-01_1790852962
2026-10-01,pcos.tracker.fertility.pms.symptoms.syndrome.diet.plan,PCOS Tracker,Tracker Diary App,Health & Fitness,2922,"Mar 23, 2026",192,15,,,,,,true,search:pcos,false,false,2026-10-01T11:19:55.110Z,2026-10-01_1790852962
2026-10-01,com.defeatdiabetes.app,Defeat Diabetes,Defeat Diabetes,Health & Fitness,28210,"Jul 14, 2021",1905,15,,,,,,true,search:diabetes care,false,false,2026-10-01T11:21:11.358Z,2026-10-01_1790852962
2026-10-01,com.ypvsadhna.hin,YPV Sadhna - Hindi,Yoga Prana Vidya,Health & Fitness,52849,"May 8, 2017",3433,15,,,,4.61,336,true,search:health coach hindi,false,false,2026-10-01T11:21:39.989Z,2026-10-01_1790852962
2026-10-01,com.mydiabetesconnect,DiabetesConnect,Diabetes Connect LTD,Health & Fitness,33637,"Jan 5, 2020",2461,14,,,,4.647059,134,true,search:diabetes care,false,false,2026-10-01T11:20:55.534Z,2026-10-01_1790852962
2026-10-01,uk.lightli.cycle,Cycle: period tracker,Lightli,Health & Fitness,3880,"Dec 27, 2025",278,14,,,,,,true,search:period tracker,false,false,2026-10-01T11:21:33.067Z,2026-10-01_1790852962
2026-10-01,com.autumnhealthlabs.clorausers,"Clora Period, Cycle Tracker",Autumn HealthLabs,Medical,2158,"Apr 21, 2026",163,13,,,,4.6666665,15,true,chart:MEDICAL/TOP_FREE,false,false,2026-10-01T11:14:51.941Z,2026-10-01_1790852962
2026-10-01,com.swasthgo.care,SwasthGO: PCOS & PCOD Care,SwasthGO,Medical,2947,"Feb 18, 2026",225,13,,,,4.9310346,29,true,search:pcos,false,false,2026-10-01T11:20:18.842Z,2026-10-01_1790852962
2026-10-01,co.dataspeaks.exahealth,"ABHA Card, Health ID & Records",DataSpeaks,Medical,2331,"Mar 15, 2026",200,12,,,,4.72,26,true,chart:MEDICAL/TOP_FREE,false,false,2026-10-01T11:16:57.449Z,2026-10-01_1790852962
2026-10-01,app.photodoc.application,PhotoDoc,Wiseminer Informática Ltda,Medical,14793,"Apr 20, 2023",1260,12,,,,,,true,chart:MEDICAL/GROSSING,false,false,2026-10-01T11:17:41.632Z,2026-10-01_1790852962
2026-10-01,com.emra.mobilem,EMRA MobilEM,Emergency Medicine Residents' Association,Medical,16341,"Sep 2, 2022",1490,11,,,,,,true,chart:MEDICAL/GROSSING,false,false,2026-10-01T11:17:23.710Z,2026-10-01_1790852962
2026-10-01,com.joinwecare.patient,WeCare Diabetes,MEGA LIFESCIENCES,Health & Fitness,18207,"Mar 16, 2022",1660,11,,,,,,true,search:diabetes care,false,false,2026-10-01T11:20:53.493Z,2026-10-01_1790852962
2026-10-01,com.vetcalculators.android,Vetcalculators,VetCalculators,Medical,32904,"Oct 22, 2017",3266,10,,,,3.7,282,true,chart:MEDICAL/GROSSING,false,false,2026-10-01T11:17:45.663Z,2026-10-01_1790852962
2026-10-01,com.qxmd.pedistat,Pedi STAT,James Kempema,Medical,55919,"Oct 6, 2010",5839,10,,,,,,false,chart:MEDICAL/GROSSING,false,false,2026-10-01T11:17:55.492Z,2026-10-01_1790852962
2026-10-01,com.totalweightloss.twlp,Total Weight Loss,Total Weight Loss,Health & Fitness,4868,"May 25, 2025",494,10,,,,,,true,search:weight loss,false,false,2026-10-01T11:18:14.341Z,2026-10-01_1790852962
2026-10-01,com.hairgrowth.treatment.hairloss.hairfall.remedy.haircareroutine.myupchar,Hair Growth App by KeshArt,myUpchar - Doctorvahini Pvt Ltd,Beauty,6509,"Dec 9, 2024",661,10,,,,4.25,15,true,search:hair loss,false,false,2026-10-01T11:19:16.782Z,2026-10-01_1790852962
2026-10-01,org.mantracare.pcos,PCOSMantra: PCOD treatment,Mantra Care,Health & Fitness,16609,"Jan 27, 2022",1708,10,,,,3.7692308,17,true,search:pcos,false,false,2026-10-01T11:20:14.863Z,2026-10-01_1790852962
2026-10-01,com.seapps.guthealth,Guthub: Improve Gut Health,Seapps,Health & Fitness,3313,"Nov 5, 2025",330,10,,,,,,true,search:gut health,false,false,2026-10-01T11:20:21.758Z,2026-10-01_1790852962
2026-10-01,gut.health.app.diet.recipes,Gut Health Diet & Recipes,Riafy Technologies,Health & Fitness,12645,"Mar 14, 2023",1297,10,,,,,,true,search:gut health,false,false,2026-10-01T11:20:27.806Z,2026-10-01_1790852962
2026-10-01,no.gothealthylife.app,Gutwise,Gutwise,Health & Fitness,7096,"Sep 16, 2024",745,10,,,,,,true,search:gut health,false,false,2026-10-01T11:20:29.758Z,2026-10-01_1790852962
2026-10-01,com.phyla.phyla,Injoy: Gut Health Guide,Phyla Technologies Inc.,Health & Fitness,6986,"Oct 21, 2024",710,10,,,,,,true,search:gut health,false,false,2026-10-01T11:20:37.629Z,2026-10-01_1790852962
2026-10-01,com.app.loveharmony,Sexual Intimacy Hypnosis,Harmony Hypnosis Ltd,Lifestyle,38949,"Aug 4, 2015",4076,10,,,,3.6666667,106,true,search:sexual wellness,false,false,2026-10-01T11:22:21.955Z,2026-10-01_1790852962
2026-10-01,com.mycompany.drai,Dr.AI: AI Skin & Health Scan,Dr.AI Health,Health & Fitness,3096,"Oct 25, 2025",341,9,,,,,,true,search:skin doctor,false,false,2026-10-01T11:19:26.062Z,2026-10-01_1790852962
2026-10-01,com.mycreation.healthinhindi,Health in Hindi,My Creation,Education,25216,"Jun 20, 2019",2660,9,,,,4.2959185,100,true,search:health coach hindi,false,false,2026-10-01T11:21:35.047Z,2026-10-01_1790852962
2026-10-01,com.appercut.pearl,Pearl: Women’s Intimate Health,ApperCut,Health & Fitness,4067,"Jun 27, 2025",461,9,,,,,,true,search:sexual wellness,false,false,2026-10-01T11:22:14.993Z,2026-10-01_1790852962
2026-10-01,com.dronixapps.bulk_buddy,BulkBuddy: Gym Workout App,JustOneDev Inc,Health & Fitness,4058,"Jun 16, 2025",472,9,,,,4.75,18,true,search:weight gain,false,false,2026-10-01T11:22:51.695Z,2026-10-01_1790852962
2026-10-01,com.assists.labs,Labs Assistant,Medric Software,Medical,8691,"Oct 10, 2023",1087,8,,,,,,true,chart:MEDICAL/GROSSING,false,false,2026-10-01T11:17:47.632Z,2026-10-01_1790852962
2026-10-01,com.qxmd.pedistat.plus,STAT EM,James Kempema,Medical,5721,"Sep 12, 2024",749,8,,,,,,true,chart:MEDICAL/GROSSING,false,false,2026-10-01T11:18:04.372Z,2026-10-01_1790852962
2026-10-01,foods.for.hair.growth,Foods for Hair Growth,Live Better,Beauty,16797,"Dec 31, 2020",2100,8,,,,3.36,81,true,search:hair loss,false,false,2026-10-01T11:19:13.750Z,2026-10-01_1790852962
2026-10-01,breakthroughapps.com.jaynecorner,The Calm Gut: IBS Hypnotherapy,Breakthrough Apps Inc,Health & Fitness,6751,"Jul 14, 2024",809,8,,,,2.5,57,true,search:gut health,false,false,2026-10-01T11:20:23.723Z,2026-10-01_1790852962
2026-10-01,com.tummily.tummily,Tummily: Gut & IBS Tracker,Outcomes Nutrition,Medical,3050,"Sep 8, 2025",388,8,,,,,,true,search:gut health,false,false,2026-10-01T11:20:34.680Z,2026-10-01_1790852962
2026-10-01,com.atidi_patient.app,Atidi Customer,ATIDI NRI CARE,Medical,1560,"Feb 6, 2026",237,7,,,,4.9396553,156,true,chart:MEDICAL/TOP_FREE,false,false,2026-10-01T11:16:40.718Z,2026-10-01_1790852962
2026-10-01,com.lanthier2018,Lanthier - Internal Medicine,Les Éditions Formed inc.,Medical,20270,"Jul 9, 2018",3006,7,,,,,,true,chart:MEDICAL/GROSSING,false,false,2026-10-01T11:17:39.595Z,2026-10-01_1790852962
2026-10-01,com.amagiryu.selfcare,Amagiryu App,一般社団法人天城流湯治法協会,Medical,7114,"Dec 27, 2023",1009,7,,,,,,true,chart:MEDICAL/GROSSING,false,false,2026-10-01T11:17:49.567Z,2026-10-01_1790852962
2026-10-01,co.uk.classprofessional.cpdquiz,ParaPass,Class Professional Publishing,Medical,23950,"Aug 31, 2017",3318,7,,,,,,true,chart:MEDICAL/GROSSING,false,false,2026-10-01T11:17:51.528Z,2026-10-01_1790852962
2026-10-01,uk.lunaire.app,"Period Tracker, PCOS & PMOS",Lunaire Labs Limited,Health & Fitness,1290,"Apr 10, 2026",174,7,,,,,,true,search:pcos,false,false,2026-10-01T11:19:56.103Z,2026-10-01_1790852962
2026-10-01,com.cykel.tracker,Period & PCOD Tracker - Cykel,Marv Studios,Health & Fitness,795,"Jun 11, 2026",112,7,,,,4.92,38,true,search:pcos,false,false,2026-10-01T11:19:59.091Z,2026-10-01_1790852962
2026-10-01,edu.monash.askpcos.org,AskPMOS,Monash University,Health & Fitness,12829,"Dec 9, 2021",1757,7,,,,,,true,search:pcos,false,false,2026-10-01T11:20:06.002Z,2026-10-01_1790852962
2026-10-01,hr.apps.n247180,PCOS,"Caitlin Johnson RD, Inc",Health & Fitness,10169,"Nov 8, 2022",1423,7,,,,,,true,search:pcos,false,false,2026-10-01T11:20:06.959Z,2026-10-01_1790852962
2026-10-01,com.shebloom.wellness,SheBloom Period & PCOS Tracker,Arogyasuman Technologies Pvt. Ltd.,Health & Fitness,1188,"Apr 18, 2026",166,7,,,,4.5384617,20,true,search:pcos,false,false,2026-10-01T11:20:09.911Z,2026-10-01_1790852962
2026-10-01,com.kapala.biomeo,Biomeo - Gut Health Debloat,Biomeo,Health & Fitness,4315,"Feb 11, 2025",597,7,,,,4.3333335,254,true,search:gut health,false,false,2026-10-01T11:20:46.487Z,2026-10-01_1790852962
2026-10-01,com.welldoc.platform.android,BlueStar Diabetes,"WellDoc, Inc",Health & Fitness,25453,"Oct 6, 2016",3647,7,,,,4.8333335,257,true,search:diabetes care,false,false,2026-10-01T11:21:03.454Z,2026-10-01_1790852962
2026-10-01,com.sproutel.rufus,"Rufus, the Bear with Diabetes",Empath Labs,Educational,12253,"Nov 2, 2021",1794,7,,,,,,true,search:diabetes care,false,false,2026-10-01T11:21:06.410Z,2026-10-01_1790852962
2026-10-01,com.nutshealth.app,Apollo: Men's Health Coach,Mate  academy,Health & Fitness,1199,"Mar 31, 2026",184,7,,,,,,true,search:health coach hindi,false,false,2026-10-01T11:21:57.107Z,2026-10-01_1790852962
2026-10-01,com.docodexlabs.pediarex,PediaRex Pediatric Syrup Dose,Docodex Labs,Medical,2023,"Oct 1, 2025",365,6,,,,4.423077,27,false,chart:MEDICAL/GROSSING,false,false,2026-10-01T11:18:09.321Z,2026-10-01_1790852962
2026-10-01,health.onvy,ONVY — AI Health Coach,ONVY HealthTech Group GmbH,Health & Fitness,6228,"Feb 4, 2024",970,6,,,,,,true,search:AI health coach,false,false,2026-10-01T11:18:41.196Z,2026-10-01_1790852962
2026-10-01,clinic.aihealth.patient,AI-Health,Sai AHealth Wellness LLP,Health & Fitness,2912,"Apr 29, 2025",520,6,,,,4.5641026,43,true,search:AI health coach,false,false,2026-10-01T11:18:50.138Z,2026-10-01_1790852962
2026-10-01,com.follicleapp.follicle,Follicle - Hair Growth Tracker,Follicle app,Lifestyle,906,"Apr 30, 2026",154,6,,,,,,true,search:hair loss,false,false,2026-10-01T11:19:06.798Z,2026-10-01_1790852962
2026-10-01,com.universaldoctor.skin_ntds,Skin NTDs App,World Health Organization,Health & Fitness,13646,"Mar 9, 2020",2397,6,,,,5,42,true,search:skin doctor,false,false,2026-10-01T11:19:42.010Z,2026-10-01_1790852962
2026-10-01,app.com.qproject.kayakalp,Kayakalp Skin Clinic,Health Spot,Medical,6882,"Aug 22, 2023",1136,6,,,,4,17,true,search:skin doctor,false,false,2026-10-01T11:19:45.953Z,2026-10-01_1790852962
2026-10-01,com.elsavie.gutsecret,Gut Health Tracking & Insights,Elsavie,Health & Fitness,8854,"Sep 9, 2022",1483,6,,,,,,true,search:gut health,false,false,2026-10-01T11:20:22.717Z,2026-10-01_1790852962
2026-10-01,com.GutHealthIBS.guto,Guto: Gut Health & IBS Tracker,STRAWHAT APPS,Health & Fitness,1576,"Jan 2, 2026",272,6,,,,4.328358,103,true,search:gut health,true,true,2026-10-01T11:20:24.715Z,2026-10-01_1790852962
2026-10-01,com.heyworld.pregnantwithdiabetes,Pregnant with diabetes,heyworld.dk,Health & Fitness,30104,"Jan 10, 2014",4647,6,,,,3.75,76,true,search:diabetes care,false,false,2026-10-01T11:21:09.420Z,2026-10-01_1790852962
2026-10-01,com.diwanji.diff,Diabetes Free Forever,Diwanji Software Solutions,Health & Fitness,3719,"Jan 8, 2025",631,6,,,,4.133333,15,true,search:diabetes care,false,false,2026-10-01T11:21:10.393Z,2026-10-01_1790852962
2026-10-01,com.connectedwellness.HealthCoachPlus,NexJ Health Coach,NexJ Health,Health & Fitness,25689,"Oct 15, 2015",4004,6,,,,,,true,search:health coach hindi,false,false,2026-10-01T11:21:40.979Z,2026-10-01_1790852962
2026-10-01,com.swasth.ai,SwasthAI: AI Health Coach,SwasthAI,Health & Fitness,2668,"Aug 4, 2025",423,6,,,,4.5,6,true,search:health coach hindi,false,false,2026-10-01T11:21:44.979Z,2026-10-01_1790852962
2026-10-01,com.cosmicflow.hindi,Law of Attraction (Hindi),Geek Avenue,Lifestyle,2921,"Jun 24, 2025",464,6,,,,,,true,search:health coach hindi,false,false,2026-10-01T11:21:58.071Z,2026-10-01_1790852962
2026-10-01,com.primolab.weightGainSmoothies,Weight Gain Smoothie Recipes,Primo Lab,Food & Drink,6222,"Nov 10, 2023",1056,6,,,,,,true,search:weight gain,false,false,2026-10-01T11:22:50.704Z,2026-10-01_1790852962
2026-10-01,se.umu.its.tatman,Tät-m Pelvic Exercises for men,eContinence AB,Medical,15869,"Jun 28, 2018",3017,5,,,,5,240,true,chart:MEDICAL/GROSSING,false,false,2026-10-01T11:17:53.509Z,2026-10-01_1790852962
2026-10-01,com.knock.disease.treatment.skindiseases,Skin Doctor-Diseases&Treatment,GoldenKing Apps,Medical,14223,"Apr 25, 2018",3081,5,,,,3.75,52,true,search:skin doctor,false,false,2026-10-01T11:19:29.068Z,2026-10-01_1790852962
2026-10-01,com.skincareclinic_dits,Skin Care Clinic,Deosoft IT Services Private Limited,Medical,2141,"Aug 16, 2025",411,5,,,,4.6,5,true,search:skin doctor,false,false,2026-10-01T11:19:35.917Z,2026-10-01_1790852962
2026-10-01,uk.lunaire.ibs,IBS & Gut Health Tracker,Lunaire Labs Limited,Health & Fitness,895,"Apr 11, 2026",173,5,,,,,,true,search:gut health,false,false,2026-10-01T11:20:28.797Z,2026-10-01_1790852962
2026-10-01,com.guthealth.app,Bloom: AI Gut Health & IBS,"Vast Learning, LLC",Health & Fitness,320,"Aug 3, 2026",59,5,,,,,,true,search:gut health,false,false,2026-10-01T11:20:31.715Z,2026-10-01_1790852962
2026-10-01,app.gutloop,GutLoop – Food & Digestion,"Alderbeam, Inc.",Health & Fitness,282,"Aug 9, 2026",53,5,,,,,,true,search:gut health,false,false,2026-10-01T11:20:43.500Z,2026-10-01_1790852962
2026-10-01,com.p0ue24xbu86mr.pmqnusi1oapp,Alchemy of Love: Intimacy+Sex,Alchemy of Love,Health & Fitness,4271,"Mar 8, 2024",937,5,,,,,,true,search:sexual wellness,false,false,2026-10-01T11:22:28.823Z,2026-10-01_1790852962
2026-10-01,com.hairfixingzone.hfz,HairFixingZone,Hair Fixing Zone,Lifestyle,834,"Feb 9, 2026",234,4,,,,4.714286,14,true,search:hair loss,false,false,2026-10-01T11:19:03.834Z,2026-10-01_1790852962
2026-10-01,com.lifeboost.PCOS.weightlossrecipes,PCOS Weight Loss Diet Planner,LifeBoost Apps,Health & Fitness,639,"May 5, 2026",149,4,,,,,,true,search:pcos,false,false,2026-10-01T11:20:19.811Z,2026-10-01_1790852962
2026-10-01,com.diabetestelecare.diabetestelecare,Diabetes TeleCare,Diabetes TeleCare,Health & Fitness,6031,"Nov 10, 2022",1421,4,,,,,,true,search:diabetes care,false,false,2026-10-01T11:21:00.468Z,2026-10-01_1790852962
2026-10-01,gov.va.mobilehealth.ncptsd.wellwithin,WellWithin Coach,US Department of Veterans Affairs (VA),Health & Fitness,2163,"Jan 21, 2025",618,4,,,,,,true,search:health coach hindi,false,false,2026-10-01T11:21:47.069Z,2026-10-01_1790852962
2026-10-01,com.sanju.fatlosstips,Fat Loss Tips in Hindi,sanju rajput,Lifestyle,15117,"Jan 23, 2017",3538,4,,,,4.382353,35,true,search:weight loss hindi,false,false,2026-10-01T11:22:05.007Z,2026-10-01_1790852962
2026-10-01,app.weight.gain,Women Weight Gain App,Flash Software Solution,Health & Fitness,187,"Aug 19, 2026",43,4,,,,,,true,search:weight gain,false,false,2026-10-01T11:22:44.700Z,2026-10-01_1790852962
2026-10-01,com.propagator.squeezyformen,Squeezy Men,Living With Ltd,Medical,13949,"Nov 24, 2014",4329,3,,,,,,false,chart:MEDICAL/GROSSING,false,false,2026-10-01T11:17:57.466Z,2026-10-01_1790852962
2026-10-01,world.healthy4u.mobile,Healthy4U: AI Health Assistant,Healthy4u Medical Technologies LTD,Health & Fitness,785,"Dec 27, 2025",278,3,,,,,,true,search:AI health coach,false,false,2026-10-01T11:18:49.163Z,2026-10-01_1790852962
2026-10-01,com.trichometrics.app,Trichometrics: Hair Loss AI,NBASoft,Health & Fitness,645,"Mar 25, 2026",190,3,,,,,,true,search:hair loss,false,false,2026-10-01T11:18:58.215Z,2026-10-01_1790852962
2026-10-01,com.trendtweekers.hairline,Hairline: Hair Loss Tracker,Stackedboost,Lifestyle,159,"Aug 8, 2026",54,3,,,,,,true,search:hair loss,false,false,2026-10-01T11:19:12.740Z,2026-10-01_1790852962
2026-10-01,baldness.hair.losscare.growtips,Hair Loss Control,LEARNING GAME APPS PRIVATE LIMITED,Health & Fitness,8753,"Sep 8, 2018",2945,3,,,,3.3333333,28,true,search:hair loss,false,false,2026-10-01T11:19:17.754Z,2026-10-01_1790852962
2026-10-01,com.shanawan.skindocai,SkinDoctor AI : Dermatologist,GreeLogix,Health & Fitness,1367,"May 7, 2025",512,3,,,,,,true,search:skin doctor,false,false,2026-10-01T11:19:48.095Z,2026-10-01_1790852962
2026-10-01,fitnesswithkeisha2.app.lenus,The PCOS coaching app - FWK,Lenus.io,Health & Fitness,2053,"Jan 29, 2025",610,3,,,,,,true,search:pcos,false,false,2026-10-01T11:20:02.054Z,2026-10-01_1790852962
2026-10-01,com.blisswell.sexualwellness,Sexual Wellness: Blisswell,Murat YÖN,Health & Fitness,243,"Jul 1, 2026",92,3,,,,,,true,search:sexual wellness,false,false,2026-10-01T11:22:09.083Z,2026-10-01_1790852962
2026-10-01,com.zenwellnessapp.app,Zen Wellness Massage App,Zen Tech Asia,Health & Fitness,3394,"Dec 8, 2023",1028,3,,,,,,true,search:sexual wellness,false,false,2026-10-01T11:22:34.769Z,2026-10-01_1790852962
2026-10-01,to.vibalabs.ubulk,Gain Weight - UBulk,Max Mannstein,Health & Fitness,59,"Sep 8, 2026",23,3,,,,3.875,16,true,search:weight gain,false,false,2026-10-01T11:22:43.696Z,2026-10-01_1790852962
2026-10-01,com.necessarydevil.app,Necessary Devil,Necessary Devil,Health & Fitness,882,"Jun 30, 2025",458,2,,,,1.6,5,true,chart:HEALTH_AND_FITNESS/TOP_FREE,false,false,2026-10-01T11:12:22.989Z,2026-10-01_1790852962
2026-10-01,com.baldai.tracker2025,Balding AI - Hair Loss Tracker,DavanSoftware,Lifestyle,616,"Nov 30, 2025",305,2,,,,,,true,search:hair loss,false,false,2026-10-01T11:19:04.815Z,2026-10-01_1790852962
2026-10-01,com.eitanx.norwood,Norwood: Hair Loss Tracker,EitanX Labs,Lifestyle,109,"Aug 5, 2026",57,2,,,,,,true,search:hair loss,false,false,2026-10-01T11:19:11.683Z,2026-10-01_1790852962
2026-10-01,com.skindost.app,Skin Dost,Skin Dost,Medical,637,"Aug 30, 2025",397,2,,,,5,17,true,search:skin doctor,false,false,2026-10-01T11:19:28.046Z,2026-10-01_1790852962
2026-10-01,com.dxhmug.hofdnj,Derma skin solution,appx.co.in,Education,581,"Dec 16, 2025",289,2,,,,5,12,true,search:skin doctor,false,false,2026-10-01T11:19:32.973Z,2026-10-01_1790852962
2026-10-01,com.pcostracker.cyclehealth,PCOS Tracker: Period & PCOD,Niraj AI Solutions,Health & Fitness,38,"Sep 9, 2026",22,2,,,,,,true,search:pcos,false,false,2026-10-01T11:19:58.076Z,2026-10-01_1790852962
2026-10-01,com.ichime.pcosweight,PCOS Weight Loss,ICHIME COMPANY LIMITED,Health & Fitness,39,"Sep 9, 2026",22,2,,,,,,true,search:pcos,false,false,2026-10-01T11:20:03.006Z,2026-10-01_1790852962
2026-10-01,com.cystar.app,Cystar PMOS: PCOS/PCOD Tracker,Cystar,Health & Fitness,283,"Jun 1, 2026",122,2,,,,,,true,search:pcos,false,false,2026-10-01T11:20:07.935Z,2026-10-01_1790852962
2026-10-01,com.fertilityfocus.ovusense3,OvuSense Cycle & PCOS Tracker,viO HealthTech Ltd,Health & Fitness,1167,"Jun 17, 2025",471,2,,,,,,true,search:pcos,false,false,2026-10-01T11:20:11.894Z,2026-10-01_1790852962
2026-10-01,com.trainerize.pcosrevolution,PCOS Lifestyle,Trainerize CBA-STUDIO 1,Health & Fitness,2830,"Aug 18, 2023",1140,2,,,,,,true,search:pcos,false,false,2026-10-01T11:20:12.892Z,2026-10-01_1790852962
2026-10-01,com.lifeboost.PCOS.hormonebalancediet,PCOS Hormone Balance Diet,LifeBoost Apps,Health & Fitness,263,"May 13, 2026",141,2,,,,,,true,search:pcos,false,false,2026-10-01T11:20:17.853Z,2026-10-01_1790852962
2026-10-01,com.twintipsolutions.guthealth,AI Gut Health and IBS Tracker,Twin Tip Solutions LLC,Health & Fitness,395,"Mar 14, 2026",201,2,,,,,,true,search:gut health,false,false,2026-10-01T11:20:25.867Z,2026-10-01_1790852962
2026-10-01,com.gutsy,Gutsy - Microbiome Tracker,6Hive OU,Health & Fitness,1851,"May 17, 2024",867,2,,,,,,true,search:gut health,false,false,2026-10-01T11:20:44.494Z,2026-10-01_1790852962
2026-10-01,com.acon.app,On Call Diabetes Management,"Acon Biotech (Hangzhou) Co., Ltd.",Medical,4008,"Aug 2, 2021",1886,2,,,,,,true,search:diabetes care,false,false,2026-10-01T11:20:57.524Z,2026-10-01_1790852962
2026-10-01,com.soralapps.healthtipsinhindi,Health Tips in Hindi,SoralApps,Health & Fitness,2982,"Jun 13, 2022",1571,2,,,,4.3333335,13,true,search:health coach hindi,false,false,2026-10-01T11:21:43.982Z,2026-10-01_1790852962
2026-10-01,app.starkly.starkly,Starkly: Sex Education,Nicolás Pozas,Health & Fitness,197,"Jun 30, 2026",93,2,,,,,,true,search:sexual wellness,false,false,2026-10-01T11:22:20.933Z,2026-10-01_1790852962
2026-10-01,com.gainwise.app,GainWise: Weight Gain Coach,AARVIQ,Health & Fitness,160,"Jun 29, 2026",94,2,,,,,,true,search:weight gain,false,false,2026-10-01T11:22:41.721Z,2026-10-01_1790852962
2026-10-01,com.coloreight.yourcoach,YourCoach - Health Coaches,YourCoach Health,Health & Fitness,4484,"Apr 10, 2018",3096,1,,,,,,true,search:AI health coach,false,false,2026-10-01T11:18:46.252Z,2026-10-01_1790852962
2026-10-01,com.playstore.authapp.auth_app,FitnessOS - AI Health Coach,Shashank Yadav N,Health & Fitness,185,"Feb 26, 2026",217,1,,,,,,true,search:AI health coach,false,false,2026-10-01T11:18:52.174Z,2026-10-01_1790852962
2026-10-01,hair.loss.prevention,Hair Loss Prevention,MSPLDevelopers,Health & Fitness,4352,"Apr 7, 2016",3829,1,,,,4.4,7,true,search:hair loss,false,false,2026-10-01T11:19:07.768Z,2026-10-01_1790852962
2026-10-01,com.docterz.connect.drkumarsskincentre,Dr Kumar’s Skin Centre,Docterz Health-Tech Lab,Health & Fitness,340,"Sep 9, 2025",387,1,,,,,,true,search:skin doctor,false,false,2026-10-01T11:19:33.956Z,2026-10-01_1790852962
2026-10-01,com.wayuhealth.skinnsmiles,Skin n' Smiles Dermatology Ort,Wayu Health,Medical,2071,"Mar 30, 2018",3107,1,,,,3.5294118,17,true,search:skin doctor,false,false,2026-10-01T11:19:44.025Z,2026-10-01_1790852962
2026-10-01,com.trainerize.pcossisters,PCOS Sisters Telehealth,Trainerize CBA-STUDIO 1,Health & Fitness,1438,"Feb 10, 2022",1694,1,,,,,,true,search:pcos,false,false,2026-10-01T11:20:01.092Z,2026-10-01_1790852962
2026-10-01,app.amaya,PCOS Tracker & Symptoms: Amaya,Digital Brain Ltd,Health & Fitness,58,"Jul 14, 2026",79,1,,,,,,true,search:pcos,false,false,2026-10-01T11:20:04.010Z,2026-10-01_1790852962
2026-10-01,com.acarinllc.cysterly,PCOS Ai - symptom tracker,Acarin LLC,Health & Fitness,61,"Jul 31, 2026",62,1,,,,,,true,search:pcos,false,false,2026-10-01T11:20:08.923Z,2026-10-01_1790852962
2026-10-01,com.mosaif.gibud,GI Bud: AI Gut Health,BabyCue Developer,Health & Fitness,495,"Sep 7, 2024",754,1,,,,4.787879,33,true,search:gut health,false,false,2026-10-01T11:20:32.699Z,2026-10-01_1790852962
2026-10-01,com.theguthealthmd.app,Dr. B’s Gut Health Collective,Dr B Gut Health,Health & Fitness,410,"Aug 7, 2025",420,1,,,,,,true,search:gut health,false,false,2026-10-01T11:20:33.684Z,2026-10-01_1790852962
2026-10-01,io.lufa.tummy,Tummy - Gut Health Diary,Lukas Faber - lufa.io,Health & Fitness,68,"Jul 11, 2026",82,1,,,,,,true,search:gut health,false,false,2026-10-01T11:20:49.454Z,2026-10-01_1790852962
2026-10-01,app.eleutheromania.healthcoach,HealthCoach: AI Diet & Weight,eleutheromania,Health & Fitness,39,"Jul 31, 2026",62,1,,,,,,true,search:health coach hindi,false,false,2026-10-01T11:21:36.058Z,2026-10-01_1790852962
2026-10-01,com.hingerle.vorsorgemedizin,My Health Coach,Himacoe GmbH,Health & Fitness,5018,"Feb 22, 2017",3508,1,,,,,,true,search:health coach hindi,false,false,2026-10-01T11:21:38.005Z,2026-10-01_1790852962
2026-10-01,health.sequoia.app,Sequoia: Men’s Sexual Health,Sequoia: Men’s Sexual Health,Health & Fitness,52,"Aug 12, 2026",50,1,,,,,,true,search:sexual wellness,false,false,2026-10-01T11:22:16.990Z,2026-10-01_1790852962
2026-10-01,org.nha.project.nhpr,NHPR,National Health Authority,Medical,0,"Sep 23, 2026",8,,,,,3.6,5,true,chart:MEDICAL/TOP_FREE,false,false,2026-10-01T11:15:37.528Z,2026-10-01_1790852962
2026-10-01,com.fatsecret.android,Calorie Counter by fatsecret,fatsecret,Health & Fitness,63033534,,,,,,,4.572222,547232,true,search:weight loss,false,false,2026-10-01T11:18:11.355Z,2026-10-01_1790852962
2026-10-01,application.fit.android,Fit: AI Health Coach,FIT MMC,Health & Fitness,417,"Apr 26, 2023",1254,0,,,,,,true,search:AI health coach,false,false,2026-10-01T11:18:42.163Z,2026-10-01_1790852962
2026-10-01,com.hairagain.app,HairAgain: Hair Loss Tracker,Burnout Software,Health & Fitness,15,"Aug 4, 2026",58,0,,,,,,true,search:hair loss,false,false,2026-10-01T11:19:01.857Z,2026-10-01_1790852962
2026-10-01,com.softindex.dermarootai,Hair Health: Growth & Loss,Softindex Limited,Health & Fitness,43,"Mar 30, 2026",185,0,,,,,,true,search:hair loss,false,false,2026-10-01T11:19:09.728Z,2026-10-01_1790852962
2026-10-01,com.aedifylab.hairproof,HairProof: Hair Loss Tracker,Omniamus S.R.L.,Health & Fitness,31,"Jul 21, 2026",72,0,,,,,,true,search:hair loss,false,false,2026-10-01T11:19:18.755Z,2026-10-01_1790852962
2026-10-01,com.docterz.connect.drpinchasskinclinic,Dr Pincha’s Skin Clinic,Docterz Health-Tech Lab,Health & Fitness,85,"Mar 30, 2025",550,0,,,,,,true,search:skin doctor,false,false,2026-10-01T11:19:31.029Z,2026-10-01_1790852962
2026-10-01,com.docterz.connect.drakskinclinic,Dr AK Skin Clinic,Docterz Health-Tech Lab,Health & Fitness,0,"May 30, 2026",124,,,,,,,true,search:skin doctor,false,false,2026-10-01T11:19:31.990Z,2026-10-01_1790852962
2026-10-01,doctor.derma.snapskin,Snap Skin Doctor,Dermsolutions,Medical,452,"Oct 12, 2020",2180,0,,,,,,true,search:skin doctor,false,false,2026-10-01T11:19:34.934Z,2026-10-01_1790852962
2026-10-01,com.docterz.connect.drnehasahskinclinic,Dr Neha Sah Skin Clinic,Docterz Health-Tech Labs Private Limited,Health & Fitness,172,"Jul 18, 2024",805,0,,,,5,5,true,search:skin doctor,false,false,2026-10-01T11:19:36.884Z,2026-10-01_1790852962
2026-10-01,com.company.skincare,Dr. shankar skin clinic,Pragyat IT Solutions PVT LTD.,Health & Fitness,23,"Feb 28, 2023",1311,0,,,,,,true,search:skin doctor,false,false,2026-10-01T11:19:37.869Z,2026-10-01_1790852962
2026-10-01,com.docterz.connect.drhpforskinhairnail,Dr. HP FOR SKIN HAIR & NAIL,Docterz Health-Tech Lab,Health & Fitness,0,"Sep 25, 2026",6,,,,,,,true,search:skin doctor,false,false,2026-10-01T11:19:39.079Z,2026-10-01_1790852962
2026-10-01,com.skinosphere.app,Skinosphere Skin Clinic,Skinosphere Skin Clinic,Health & Fitness,18,"Apr 11, 2026",173,0,,,,,,true,search:skin doctor,false,false,2026-10-01T11:19:51.065Z,2026-10-01_1790852962
2026-10-01,com.pcosapp.screening,PCOS Care,Preventive Gynecology Research Group,Health & Fitness,22,"Aug 17, 2026",45,0,,,,,,true,search:pcos,false,false,2026-10-01T11:20:05.016Z,2026-10-01_1790852962
2026-10-01,app.cystersclub.home,Cysters Club: PCOS Support,IndieWrit Technology Pvt Ltd,Health & Fitness,24,"Aug 8, 2026",54,0,,,,,,true,search:pcos,false,false,2026-10-01T11:20:10.905Z,2026-10-01_1790852962
2026-10-01,com.ootssu.cyra,Cyra: PCOS Symptom Tracker,JIYULMOM,Health & Fitness,4,"Aug 30, 2026",32,0,,,,,,true,search:pcos,false,false,2026-10-01T11:20:13.889Z,2026-10-01_1790852962
2026-10-01,com.glitchlab.pcostracker,PCOS & Cycle Tracker: Bloom,Glitchlab,Health & Fitness,7,"May 7, 2026",147,0,,,,,,false,search:pcos,false,false,2026-10-01T11:20:15.831Z,2026-10-01_1790852962
2026-10-01,com.myflori.app,Flori Gut Health,Flori Digital,Health & Fitness,24,"Feb 26, 2026",217,0,,,,,,true,search:gut health,false,false,2026-10-01T11:20:30.746Z,2026-10-01_1790852962
2026-10-01,com.tudistribution.gutflow,GutFlow - Gut Health Tracker,TudFlow,Health & Fitness,19,"May 2, 2026",152,0,,,,,,true,search:gut health,false,false,2026-10-01T11:20:35.652Z,2026-10-01_1790852962
2026-10-01,com.invictus.gutbraintherapy,Ai GUT Health & IBS Tracker,mission invictus,Health & Fitness,14,"Jul 4, 2026",89,0,,,,,,true,search:gut health,false,false,2026-10-01T11:20:36.619Z,2026-10-01_1790852962
2026-10-01,com.oslabs.gutos,Gut OS - AI Nutrition & Health,OS Labs .LLC,Health & Fitness,9,"Aug 20, 2026",42,0,,,,,,true,search:gut health,false,false,2026-10-01T11:20:39.583Z,2026-10-01_1790852962
2026-10-01,com.truenorthoriginals.gutclues,Gut Clues IBS & Stool Tracker,True North Originals,Health & Fitness,2,"May 4, 2026",150,0,,,,,,false,search:gut health,false,false,2026-10-01T11:20:40.556Z,2026-10-01_1790852962
2026-10-01,com.patana93.bowel_cal,Ploply - Gut Health Tracker,PATA SOFTWARE LTD,Health & Fitness,213,"Oct 29, 2022",1433,0,,,,,,true,search:gut health,false,false,2026-10-01T11:20:41.574Z,2026-10-01_1790852962
2026-10-01,com.gutscribe,Gut Scribe - IBS Food Diary,Sello Software Solutions (PTY) LTD,Health & Fitness,28,"Aug 1, 2026",61,0,,,,,,true,search:gut health,false,false,2026-10-01T11:20:42.542Z,2026-10-01_1790852962
2026-10-01,com.pocketleaf.gutsymptom,GutNote: IBS & FODMAP Diary,NiesmielovTeam,Health & Fitness,5,"Sep 7, 2026",24,0,,,,,,true,search:gut health,false,false,2026-10-01T11:20:45.481Z,2026-10-01_1790852962
2026-10-01,com.tworuby.plant30,Plant30: Gut Health Tracker,TwoRuby,Health & Fitness,54,"May 15, 2026",139,0,,,,,,true,search:gut health,false,false,2026-10-01T11:20:47.479Z,2026-10-01_1790852962
2026-10-01,com.swlabs.guttoremission,Gut to Remission,SW Labs Group LLC,Health & Fitness,0,"Sep 6, 2026",25,,,,,,,true,search:gut health,false,false,2026-10-01T11:20:48.458Z,2026-10-01_1790852962
2026-10-01,app.gutiq,My GutIQ: Gut Health Tracker,Cogumi,Health & Fitness,25,"Apr 21, 2026",163,0,,,,,,true,search:gut health,false,false,2026-10-01T11:20:50.438Z,2026-10-01_1790852962
2026-10-01,com.teknicalsolutionz.HealthCoachApp,HealthCoach: AI Health Coach,Teknical Solutionz,Health & Fitness,60,"May 24, 2026",130,0,,,,,,true,search:health coach hindi,false,false,2026-10-01T11:21:37.048Z,2026-10-01_1790852962
2026-10-01,com.mycompany.talktoaugust,Sexual Wellness Coach: August,Famasi Africa,Health & Fitness,667,,,,,,,,,true,search:sexual wellness,false,false,2026-10-01T11:22:13.022Z,2026-10-01_1790852962
2026-10-01,com.yonmurat.blisswellcouples,Couples Wellness: Blisswell,Murat YÖN,Lifestyle,18,"Aug 20, 2026",42,0,,,,,,true,search:sexual wellness,false,false,2026-10-01T11:22:17.978Z,2026-10-01_1790852962
